Site Number,Open House,Organization,State,Wild or Aquaculture Shellfish Near,Station Name,Latitude - N,Longitude - W,Waterbody Name,Reference Tide Station,Last 24 hr Rainfall,Tide,Water Depth (m),Secchi Depth (m),Air Temp (degC),% Cloud Cover,Weather,Sea State,Sample Depth (m),Time,Water Temp (degC),Temperature Flag,Field Salinity (PSU),Salinity Flag,Lab Salinity (g/kg),DO (mg/L),pH (NBS),Turbidity (NTU),Chlorophyll (ug/L),Conductivity (ms),Barometric Pressure (mmHg),DO (% saturation),TA (mg/l),TA (umol/kg),Data Quality Flag,TA_rep1 (umol/kg),Data Quality Flag Rep1,TA_rep2 (umol/kg),Data Quality Flag Rep2,LAB,Station Characteristics,Substrate,Salinity Method,Temperature Method,Sonde Make/Model,Date of Calibration
1,MIT,Cohasset Center for Student Coastal Research,MA,Yes,Sailing Club Docks,42.239357,-70.788614,Cohasset Harbor,Whithead,Trace,Low,2,1.5,24.5,25,Mostly Sunny,0,0.3,10:45:00,21.5,1,30.68,1,-9999,8.5,8.31,-9999,-9999,-9999,-9999,-9999,11.29,2097.63,1,2108.92,1,-9999,-9999,MIT,Coastal Ocean,Unknown,Multi Parameter Sonde,Multi Parameter Sonde,YSI Pro Plus,8/22/19
2,MIT,NSRWA,MA,Unknown,Damon's Point,42.160315,-70.732676,North River,-9999,"0""",Low,1.4,1.4,28.9,40,Sunny,0,0.15,11:25:00,22.5,1,25.8,1,-9999,6.09,-9999,-9999,-9999,38.35,-9999,-9999,2.84,1901.95,1,1899.11,1,-9999,-9999,MIT,Mid Estuary,Mud,Multi Parameter Sonde,Multi Parameter Sonde,YSI-85,-9999
3,MIT,Neponset River Watershed Association,MA,No,Granite Ave Bridge,42.277615,-71.053393,Neponset River,usharbors.com,"0.09""",Low,-9999,1.015,31.5,35,Partly Cloudy,1,0.15,10:34:00,23.5,1,15,1,-9999,-9999,-9999,-9999,-9999,-9999,-9999,-9999,1.31,1344.4,1,1345.71,1,-9999,-9999,MIT,Mid Estuary,Mud,Refractometer,Thermometer,YSI-85,Unknown
4,MIT,US EPA,MA,No,Peddocks Island,42.29883,-70.926622,Boston Harbor,-9999,-9999,Low,-9999,-9999,33,50,Sunny,Calm,0.5,10:13:00,20,1,30,1,-9999,-9999,-9999,-9999,-9999,-9999,-9999,-9999,19.05,2117.02,1,2097.97,1,-9999,-9999,MIT,-9999,-9999,-9999,-9999,-9999,-9999
5,MIT,New England Aquarium,MA,Yes,NEAQ,42.358889,-71.048611,Boston Harbor,#8443970,Trace,Low,-9999,2,25.56,10,Sunny,1,0.2,10:41:00,18.5,1,30,1,-9999,-9999,7.53,-9999,-9999,-9999,757.8,-9999,1.58,2041.06,1,2039.48,1,-9999,-9999,MIT,Coastal Ocean,-9999,-9999,-9999,-9999,-9999
6,Northeastern,EPA Region 1,MA,Yes,"Pavilion Beach, Gloucester",42.60955,-70.668467,Gloucester Harbor,Boston,None,Low,0.8,-9999,-9999,25,Hazy/Foggy,2,0.2,10:15:00,20.8,1,31.05,1,-9999,-9999,-9999,-9999,-9999,-9999,-9999,-9999,0,-9999,1,-9999,1,-9999,-9999,MIT,Coastal Ocean,"Sand, Cobble",Multi Parameter Sonde,Multi Parameter Sonde,YSI EXO 1,8/20/19
7,Northeastern,Salem Sound Coastal Watch / Swampscott Conservancy,MA,Yes,Fishermen's Beach,42.46623,-70.909868,Nahant Bay,Lynn Harbor,"<1""",Low,2.36,-9999,29,5,Mostly Sunny,1,0.15,10:35:00,21,1,30,1,-9999,-9999,-9999,-9999,-9999,-9999,-9999,-9999,1.11,2106.85,1,2105.74,1,-9999,-9999,MIT,Coastal Ocean,Eelgrass Bed,Refractometer,Thermometer,-9999,-9999
8,Northeastern,EPA Region 1,MA,Yes,Conomo Point,42.65144,-70.744575,Essex Bay,Boston,-9999,Low,0.82,-9999,-9999,5,Sunny,1,0.2,10:58:00,22.6,1,30.6,1,-9999,-9999,-9999,-9999,-9999,-9999,-9999,-9999,1.18,2060.4,1,2059.22,1,-9999,-9999,MIT,Mid Estuary,Sand,Multi Parameter Sonde,Multi Parameter Sonde,YSI EXO 1,8/20/19
9,Northeastern,Salem Sound Coastal Watch,MA,Yes,Forest River Park,42.50756,-70.883188,Salem Harbor,Boston,-9999,Low,1,-9999,31,10,Mostly Sunny,1,0.9,10:31:00,21.8,1,31,1,-9999,-9999,7.59,-9999,-9999,-9999,-9999,-9999,1.84,2126.42,1,2128.26,1,-9999,-9999,MIT,Lower Estuary,"Sand, Lg Rocks",Refractometer,Thermometer,Corning 308,8/21/19
10,Northeastern,Salem Sound Coastal Watch,MA,Yes,Beverly Public Pier,42.539735,-70.885851,Beverly Harbor,Boston,".05""",Low,4.9,2,29.5,0,Sunny,1,0.16,10:30:00,22.5,1,30,1,-9999,-9999,7.64,-9999,-9999,-9999,-9999,-9999,4.57,2085.96,1,2081.39,1,-9999,-9999,MIT,Lower Estuary / Coastal Ocean,"Coarse Mud, River Bed",Refractometer,-9999,Accumet AP 115 for temp and pH,1st 8/21/2019. 2nd 8/22/2019
11,Northeastern,Salem Sound Coastal Watch,MA,-9999,Manchester Town Hall,42.574622,-70.772902,Manchester Inner Harbor,-9999,-9999,Low,1.12,-9999,29,0,Sunny,Calm,0.18,10:31:00,22,1,25,1,-9999,-9999,7.92,-9999,-9999,-9999,-9999,-9999,0.08,1910.53,1,1910.61,1,-9999,-9999,MIT,Mid Estuary,Mud,Refractometer,Thermometer,Goodes ATC Refractometer,8/21/19
12,UCONN,CUSH,CT,-9999,Wequetequock Cove Head,41.358333,-71.880278,Wequetequock Cove,Stonington Harbor,"0""",Low,0.8,-9999,23.33,100,Humid,0,0.15,7:30:00,25,1,7,1,-9999,2.5,-9999,-9999,-9999,-9999,-9999,-9999,-9999,564,2,248.6,2,-9999,-9999,UCONN,Upper Estuary,Mud,Refractometer,Thermometer,-9999,-9999
13,UCONN,Harbor Watch,CT,Yes,Copps Island Oysters,41.096272,-73.405146,"Norwalle Harbor, CT",S. Norwalk 8468448,"0.01""",Low,2,0.762,27,20,Partly Cloudy,1,0.15,10:35:00,26.8,1,24.32,1,-9999,7.67,7.29,-9999,-9999,-9999,-9999,-9999,-9999,1904.6,1,1908,1,-9999,-9999,UCONN,Mid Estuary,Mud,Multi Parameter Sonde,Accuweather,YSI Pro Plus,8/21/19
14,UCONN,New England Science and Sailing,CT,No,STO-0-07,41.33125,-71.90955,Stonington Harbor,New London 8461490,"0.11""",Low,4.2,1,23.33,80,Cloudy,1,0.5,8:36:00,22.68,1,36.06,3,-9999,7.54,-9999,-9999,-9999,-9999,-9999,-9999,-9999,2019.8,1,1784.6,2,-9999,-9999,UCONN,Lower Estuary,Unknown,Multi Parameter Sonde,Multi Parameter Sonde,Eureka MT 01183167,8/15/19
15,UCONN,Setauket Harbor Task Force,NY,Yes,Poquott Dock,40.95345,-73.08139,Port Jefferson Harbor,Eldridge?,".28""",Low,1.4,-9999,26.67,20,Sunny,Calm,0.0015,11:00:00,24.9,1,26.27,1,-9999,-9999,-9999,-9999,-9999,-9999,-9999,-9999,-9999,1863.5,1,1853.4,3,-9999,-9999,UCONN,Mid Estuary,Sand and Mud,Multi Parameter Sonde,Multi Parameter Sonde,Eureka Manta,8/9/19
16,UCONN,Derecktor Shipyards,NY,Unknown,MAM-03,40.94838,-73.73016,"Mamaroneck River, East Basin",-9999,"0.01""",Low,2.9,-9999,28.33,20,Sunny,Calm,0.15,10:31:00,26.44,1,18.09,1,-9999,7.56,-9999,-9999,-9999,-9999,-9999,-9999,-9999,1929.5,1,1929.7,1,-9999,-9999,UCONN,Upper Estuary,Unknown,Multi Parameter Sonde,Multi Parameter Sonde,MT 04172708 â€“ Eureka Manta,8/22/19
17,UCONN,Interstate Environmental Commisson,NY,-9999,9-412,40.82,-73.7135,Manhasset Bay,"Kings Point, NY",".35""",Low,-9999,-9999,-9999,-9999,-9999,-9999,-9999,-9999,-9999,-9999,-9999,-9999,-9999,-9999,-9999,-9999,-9999,-9999,-9999,-9999,-9999,-9999,-9999,-9999,-9999,-9999,-9999,-9999,-9999,Unknown,Multi Parameter Sonde,Multi Parameter Sonde,YSI EXO 1,8/21/19
18,UCONN,Save the Sound,NY,Yes,Rye City Boat Basin,40.95766,-73.68969,"Milton Harbor, NY",NOAA 8518490,-9999,Low,2.3,-9999,26.67,35,Mostly Sunny,1,0.1,10:40:00,26.55,1,19.17,1,-9999,2.97,-9999,3.84,-9999,-9999,-9999,-9999,-9999,2021.6,1,2018.8,1,-9999,-9999,UCONN,Upper Estuary,Unknown,Multi Parameter Sonde,Multi Parameter Sonde,YSI EXO 1,8/21/19
19,EPA,Salt Ponds Coalition,RI,Yes,Gardner Island,41.407817,-71.50825,Point Judith Pond,-9999,Brief,Low,2.7,1.7,20,100,Overcast,Calm,0.15,5:50:00,24.5,1,30,1,-9999,-9999,-9999,-9999,-9999,-9999,-9999,-9999,-9999,1920.9,1,1917.4,1,-9999,-9999,EPA,Upper Estuary,Mud,Refractometer,Thermometer,-9999,-9999
20,EPA,CGSP,RI,Yes,-9999,41.202976,-71.588695,"Great Salt Pond, Block Island",-9999,"1""",Low,4.5,3.5,24.44,100,Overcast,2,0.1524,8:20:00,23.5,1,29.7,1,-9999,7.47,-9999,-9999,-9999,-9999,-9999,-9999,-9999,2056.1,1,2058.3,1,-9999,-9999,EPA,"Upper, Mid, and Coastal",-9999,-9999,-9999,-9999,4/19/19
21,EPA,Save Bristol Harbor,RI,-9999,Windmill Point,41.677778,-71.278889,Bristol Harbor,Newport,-9999,Low,2.2,-9999,24,90,Mostly Cloudy,1,0.2,6:05:00,25.4,1,30,1,-9999,-9999,-9999,-9999,-9999,-9999,-9999,-9999,-9999,1962.8,1,1957.25,1,-9999,-9999,EPA,-9999,-9999,-9999,-9999,-9999,-9999
22,EPA,URI Watershed Watch,RI,Yes,NR10 Sprague Bridge,41.448801,-71.449757,Pettasquamscutt River,Newport,-9999,Low,0.3,-9999,25.5,50,Sunny,0,0.2,8:10:00,25,1,29.5,1,-9999,-9999,-9999,-9999,-9999,-9999,-9999,-9999,-9999,1900.85,1,1897.2,1,-9999,-9999,EPA,Lower Estuary,Sand,Refractometer,Thermometer,-9999,-9999
23,EPA,Save the Bay,RI,No,Viking Manor,41.3674,-71.834817,Pawcatuck River,Pawcatuck River,"0.07""",Low,1.4,1.4,26,100,Cloudy,Calm,0.2,8:10:00,23.5,1,0,1,-9999,-9999,-9999,-9999,-9999,-9999,-9999,-9999,-9999,351.7,3,350.65,3,-9999,-9999,EPA,Upper Estuary,Mud,Refractometer,Thermometer,-9999,-9999
24,EPA,Salt Ponds Coalition,RI,Yes,Beef Island,41.395896,-71.512369,Point Judith Central Pond,-9999,-9999,Low,-9999,-9999,21.7,100,Fog,Calm,-9999,7:00:00,23.8,1,-9999,-9999,-9999,-9999,-9999,-9999,-9999,-9999,-9999,-9999,-9999,1981.5,3,-9999,-9999,-9999,-9999,EPA,Lower Estuary,Sand,-9999,Thermometer,-9999,-9999
25,EPA,EPA,RI,No,Bets Station 4,41.598333,-71.381667,Narragansett Bay,"# 8454049 Quonset Point, RI",None,Low,33.7,3.25,23.88,50,Overcast,1,0.15,6:36:00,23.5,1,33.58,1,-9999,7.02,7.91,-9999,-9999,-9999,-9999,100.3,-9999,1985.2,1,1989.05,1,-9999,-9999,EPA,Mid Estuary,Unknown,Multi Parameter Sonde,Multi Parameter Sonde,YSI Professional Plus,8/20/19
26,EPA,EPA,RI,No,Bets Station 7,41.566633,-71.310917,Narragansett Bay,"# 8454049 Quonset Point, RI",None,Low,56.6,3.2,23.88,100,Overcast,1,0.15,6:57:00,22.7,1,33.5,1,-9999,7.37,7.94,-9999,-9999,-9999,-9999,106,-9999,1995,1,1992.6,1,-9999,-9999,EPA,Mid Estuary,Unknown,Multi Parameter Sonde,Multi Parameter Sonde,YSI Professional Plus,8/20/19
27,Bowdoin,Maine Maritime Academy,ME,Unknown,Station 2 Gravel Island,44.439367,-68.729117,Bagaduce River,Castine,"1.25""",Low,4.97,1.6,24.5,5,Mostly Sun,1,0.15,10:40:00,19.1,1,6.1,1,-9999,-9999,-9999,-9999,-9999,-9999,-9999,-9999,-9999,1939.4,1,1937.9,1,-9999,-9999,BOWDOIN,Mid Estuary,-9999,Multi Parameter Sonde,Multi Parameter Sonde,YSI 30/25 FT,Not Known
28,Bowdoin,Maine Maritime Academy,ME,Unknown,Station 1 Negro Island,44.401775,-68.773142,Bagaduce River,Castine,"1.25""",Low,9.78,3,25.6,5,Mostly Sun,0.1,0.15,10:17:00,16.3,1,3,1,-9999,-9999,-9999,-9999,-9999,-9999,-9999,-9999,-9999,1992,1,1994.2,1,-9999,-9999,BOWDOIN,Lower Estuary,-9999,Multi Parameter Sonde,Multi Parameter Sonde,YSI 30/25 FT,Not Known
29,Bowdoin,UMaine Machias,ME,-9999,Rim Bridge,44.70844,-67.45865,Machias Bay,Machias Port,"0.25""",Low,0.5,-9999,23.8,50,Partly Cloudy,Calm,0.2,-9999,19.7,1,15,1,-9999,-9999,7.72,-9999,-9999,-9999,-9999,-9999,-9999,1136.4,1,-9999,-9999,-9999,-9999,BOWDOIN,-9999,Mud,Refractometer,Thermometer,HI 99121 pH Meter,8/22/19
30,Bowdoin,Casco Bay Estuary Partneryship,ME,Yes,Walton Park,43.716897,-70.263897,Presumpscot River,Presumpscot River Bridge 8418137,"1.91""",Low,-9999,-9999,26,5,Clear,Calm,0.15,10:25:00,23.88,1,0.08,1,-9999,-9999,-9999,-9999,-9999,-9999,-9999,-9999,-9999,285.8,1,285.5,1,-9999,-9999,BOWDOIN,Upper Estuary,Mud,Multi Parameter Sonde,Multi Parameter Sonde,YSI / EXO1 Multiparameter sonde,May
31,Bowdoin,Maine DEP,ME,No,Fort Gorges,43.66222,-70.22639,Portland Harbor,Portland 8418150,"1.88""",Low,15.8,2.5,21.1,25,Mostly Sun,1,0.1,9:10:00,19.61,1,22.38,1,-9999,7.73,7.95,1.7,-9999,-9999,-9999,96.3,-9999,1622.2,1,1625.9,1,-9999,-9999,BOWDOIN,Lower Estuary,Rock / Mud,Multi Parameter Sonde,Multi Parameter Sonde,YSI 6600 V2,8/2/19
32,Bowdoin,Maine DEP,ME,No,CBPR,43.6799,-70.2374,Presumpscot River,Portland 8418150,"1.88""",Low,1.3,2,21.1,25,Mostly Sun,1,0.1,9:20:00,19.5,1,21.35,1,-9999,7.64,7.93,3.7,-9999,-9999,-9999,94.4,-9999,1502.9,1,1505.2,1,-9999,-9999,BOWDOIN,Mid Estuary,Sand,Multi Parameter Sonde,Multi Parameter Sonde,YSI 6600 V2,8/2/19
33,Bowdoin,Maine DEP,ME,No,PR-28,43.69068,-70.24637,Presumpscot River,Portland 8418150,"1.88""",Low,5,1,21.1,25,Mostly Sun,0,0.1,9:35:00,20.98,1,14.08,1,-9999,7.83,7.86,7.2,-9999,-9999,-9999,95.3,-9999,1044.8,1,1045.7,1,-9999,-9999,BOWDOIN,Mid Estuary,"Silt, Sand",Multi Parameter Sonde,Multi Parameter Sonde,YSI 6600 V2,8/2/19
34,Bowdoin,Maine DEP,ME,No,PR-17,43.70563,-70.24664,Presumpscot River,Portland 8418150,"1.88""",Low,2.3,0.7,22.8,0,Sunny,0,0.1,10:05:00,22.93,1,5.68,1,-9999,7.73,7.5,8.7,-9999,-9999,-9999,93,-9999,-9999,-9999,-9999,-9999,-9999,-9999,-9999,Upper Estuary,"Silt, Sand",Multi Parameter Sonde,Multi Parameter Sonde,YSI 6600 V2,8/2/19
35,Bowdoin,Friends of Casco Bay,ME,Yes,"FOCB, Curtis Island CMS",43.75199,-70.139262,Casco Bay,US Harbors,"1.91""",Low,1.5,-9999,22,30,Mostly Sun,1,0.1,10:00:00,19,1,20.77,1,-9999,8.8,7.99,-9999,4.8,-9999,-9999,114.4,-9999,2083.118091,3,2066.155163,1,-9999,-9999,UNH,Coastal Ocean,Clay / Mud,Multi Parameter Sonde,Multi Parameter Sonde,EXO YSI 2,8/8/19
36,Bowdoin,Shaw Institute,ME,Yes,Peters Cove,44.4116911,-68.5700354,Blue Hill Bay,Blue Hill Harbor 8414112,"0.91""",Low,0.6,-9999,26.1,30,Mostly Sun,0,0.15,10:12:00,19.97,1,29.8,1,-9999,10.06,7.92,4.36,2.76,-9999,-9999,-9999,-9999,1785.5,1,-9999,-9999,-9999,-9999,BOWDOIN,Coastal Ocean,"Mud, Rock, Algae",Multi Parameter Sonde,Multi Parameter Sonde,YSI EXO2,8/19/19
37,Bowdoin,Shaw Institute,ME,Yes,Kollegewidgwok Yacht Club,44.409867,-68.564883,Blue Hill Bay,Blue Hill Harbor 8414112,"0.91""",Low,1.98,-9999,26.1,10,-9999,1,0.15,10:39:00,21.73,1,19.75,1,-9999,9.62,7.98,0.74,4.85,-9999,-9999,-9999,-9999,1354.9,3,1352.3,-9999,-9999,-9999,BOWDOIN,Coastal Ocean,Sampled from dock,Multi Parameter Sonde,Multi Parameter Sonde,YSI EXO2,8/19/19
38,UNH,Belfast Bay Watershed Coalition,ME,No,Belfast Breakwater,44.429044,-69.003054,Belfast Bay,Bar Harbor,"1.09""",Low,3.4,-9999,27,20,Clear,Light Ripple,Surface,9:58:00,21,1,26,1,24.77,9.31,8.09,-9999,-9999,33.7,-9999,-9999,-9999,-9999,1,1774.528029,3,-9999,-9999,UNH,Lower Estuary,Hard Mud,Refractometer,-9999,Hach HG40D,Approx. 8/1/2019
39,UNH,Bigelow,ME,No,Bigelow Dock,43.860475,-69.578262,Damariscotta River,Boothbay Harbor,"1.17""",Low,8,-9999,22.77,10,Sunny,Flat Calm,0.15,10:12:00,16.1,1,28.5,1,-9999,10.27,-9999,-9999,-9999,-9999,-9999,-9999,-9999,2107.866904,3,2101.159237,1,-9999,-9999,UNH,Lower Estuary,Sand and Soft Sed.,Multi Parameter Sonde,Multi Parameter Sonde,Hach HQ40D,7/1/19
40,UNH,BRLT,ME,Yes,BIO,43.88557,-69.588952,Damariscotta River,Boothbay Harbor,".7""",Low,3.7,3.2,24.8,20,Partly Cloudy,1,0.1,10:00:00,17,1,31.7,1,-9999,7.05,8.06,-9999,-9999,-9999,-9999,-9999,-9999,2137.211377,3,2144.414157,1,-9999,-9999,UNH,Mid Estuary,Sandy,Multi Parameter Sonde,Multi Parameter Sonde,Extech EC170,6/4/19
41,UNH,BRLT,ME,Yes,Newagen (B5),43.78627,-69.65526,Newagen Harbor,Boothbay Harbor,".50""",Low,1.6,1.6,22,0,Fog,1,0.15,10:00:00,19.1,1,31.1,1,-9999,5.58,7.85,-9999,-9999,-9999,-9999,-9999,-9999,2120.814574,1,2120.496574,1,-9999,-9999,UNH,Coastal Ocean,Mud,Multi Parameter Sonde,Multi Parameter Sonde,Extech EC170,6/4/19
42,UNH,Downeast Institute,ME,Yes,DFI,44.4805,-67.5968,Black Duck Cove,Steele Harbor Island,"0.4""",Low,2.75,2.75,19,100,Overcast,1,0,9:48:00,14.4,1,33,1,-9999,7.7,7.99,-9999,-9999,-9999,-9999,-9999,-9999,2146.081402,1,2145.768739,1,-9999,-9999,UNH,Coastal Ocean,Sand,Refractometer,HANNA pHep,HANNA pHep,8/22/19
43,UNH,Kennebec Estuary Land Trust,ME,Yes,Fort Popham,43.754249,-69.783699,Kennebec Estuary,"Hunniwell Point, Maine","0.37""",Low,3.5,2.2,27,0,Sunny,2,0.15,10:20:00,17.9,1,26.1,1,-9999,7.43,8,-9999,-9999,-9999,-9999,-9999,-9999,1856.86334,1,1854.285814,1,-9999,-9999,UNH,Lower Estuary,Sand,Hanna Meter,Hanna Meter,Salinity & Temp: HANNA Meter HI98319. pH: HANNA pHep Meter HI98128,8/22/19
44,UNH,Maine Maritime Academy,ME,Yes,"Station 3, Upper Bagaduce",44.397867,-68.705433,Bagaduce River,Castine,"1.25""",Low,0.5,-9999,26,20,Sunny,Calm,0.5,11:10:00,22.5,1,25.3,1,-9999,-9999,-9999,-9999,-9999,-9999,-9999,-9999,-9999,1555.424615,3,-9999,-9999,-9999,-9999,UNH,Upper Estuary,-9999,Multi Parameter Sonde,Multi Parameter Sonde,YSI Pro 30,Not Known
45,UNH,MCOA,ME,Yes,(MCOA) DAM6,44.032217,-69.533583,Damariscotta River,Newcastle,Heavy,Low,2.1,1.7,26,1,Mostly Sunny,Wavelets,0.15,10:35:00,23.01,1,28.57,1,-9999,6.53,7.71,-9999,-9999,-9999,-9999,-9999,-9999,1877.215889,3,-9999,-9999,-9999,-9999,UNH,Mid Estuary,Rocky / Mud,Multi Parameter Sonde,Multi Parameter Sonde,Manta 2 Sub 3 (Unit 07151970),8/22/19
46,UNH,Mook Sea Farm,ME,Yes,Mook Sea Farm,43.976725,-69.592308,Damariscotta River,"Walpole, Maine","1 - 2 """,Low,1.5,-9999,22.4,5,Mostly Sunny,1,0.15,10:35:00,21.3,1,28.5,1,-9999,8.16,7.78,-9999,-9999,-9999,-9999,-9999,-9999,2023.501357,3,2008.410867,3,-9999,-9999,UNH,Upper Estuary,Mud w/ Rocks and Shells,Multi Parameter Sonde,Multi Parameter Sonde,YSI EcoSense EC300A,Factory - 8/18/2019
47,UNH,Rockport Conservation Commission,ME,Unknown,RO,44.15795,-69.0534,Penobscot Bay,8415490,".69""",Low,22.7,4.2,22.8,10,Sunny,1,0.1,10:14:00,19.04,1,29.2,1,-9999,9.18,8.2,-9999,-9999,-9999,-9999,-9999,-9999,1980.474318,1,1986.6,3,-9999,-9999,UNH,-9999,-9999,-9999,-9999,-9999,8/22/19
48,UNH,Rockport Conservation Commission,ME,Unknown,RH-3,44.17763,-69.06852,Rockport Harbor,8415490,".69""",Low,16,2.8,22.8,10,Sunny,1,0.1,9:58:00,20.64,1,28.18,1,-9999,9.02,8.15,-9999,-9999,-9999,-9999,-9999,-9999,1953.471221,1,1957.590851,1,-9999,-9999,UNH,Lower Estuary,Unknown,Multi Parameter Sonde,Multi Parameter Sonde,Eureka Manta 2,8/22/19
49,UNH,Rockport Conservation Commission,ME,Unknown,RH-1,44.185,-69.07313,Rockport Harbor,8415490,".69""",Low,3.2,2.6,22.8,10,Sunny,1,0.1,9:40:00,20.07,1,26.42,1,-9999,8.38,8.02,-9999,-9999,-9999,-9999,-9999,-9999,1881.446701,1,1882.038217,1,-9999,-9999,UNH,Upper Estuary,Unknown,Multi Parameter Sonde,Multi Parameter Sonde,Eureka Manta 2,8/22/19
50,UNH,Earthwatch / Schoodic Institute,ME,-9999,Winter Harbor / Frenchman Bay,44.425217,-68.0818,Winter Harbor,8413079,".60""",Low,3.4,-9999,18.4,100,Overcast,Calm,0.1,10:15:00,18,1,34,3,31.483,-9999,8.29,-9999,-9999,-9999,-9999,-9999,-9999,2117.634592,1,2101.963844,1,-9999,-9999,UNH,Coastal Ocean,Sand / Mud / Rubble,Refractometer,Thermometer,Oakton pH610,8/21/19
51,UNH,SMART,ME,Yes,Mill Cove,45.06,-67.11,Passamaquaddy Bay,-9999,".16""",Low,-9999,-9999,18.8,50,Cloudy,Calm,0.15,10:50:00,17.1,1,34.577,3,-9999,11.43,7.58,4.44,-9999,-9999,-9999,-9999,-9999,1923.297074,3,1894.153351,3,-9999,-9999,UNH,-9999,-9999,-9999,-9999,-9999,-9999
52,UNH,SMART,ME,Yes,Gleason's Cove,44.975278,-67.054167,Passamaquaddy Bay,-9999,".16""",Low,0.5,-9999,20.8,50,Cloudy,Calm,0.15,10:50:00,16.8,1,35.662,3,-9999,10.41,7.23,3.27,-9999,-9999,-9999,-9999,-9999,2082.577925,1,2075.536467,1,-9999,-9999,UNH,-9999,-9999,-9999,-9999,-9999,-9999
53,UNH,UMaine Machias,ME,No,Fort O'Brien,44.68603,-67.39633,Machias Bay,Machias Port,0.25,Low,0.3,-9999,23.8,80,Partly Cloudy,Calm,0.2,9:30:00,17.5,1,21,1,-9999,-9999,8,-9999,-9999,-9999,-9999,-9999,-9999,1571.1666666667,3,-9999,-9999,-9999,-9999,BOWDOIN,Coastal Ocean,Mud,Refractometer,Thermometer,HI 99121 pH Meter,8/22/19
54,UNH,UMaine Machias,ME,-9999,Rim Bridge,44.70844,-67.45865,Machias Bay,Machias Port,0.25,Low,0.5,-9999,23.8,50,Partly Cloudy,calm,0.2,-9999,19.7,1,15,1,-9999,-9999,7.72,-9999,-9999,-9999,-9999,-9999,-9999,1136.4333333333,1,-9999,-9999,-9999,-9999,BOWDOIN,-9999,Mud,Refractometer,Thermometer,HI 99121 pH Meter,8/22/19
55,UNH,University of New England,ME,Yes,Goose Rocks Beach,43.392961,-70.422203,Goosefare Bay,"Cape Porpoise, ME",Trace,Low,0.7,-9999,23.3,5,Sunny,1,0.7,10:20:00,20.2,1,32.5,1,-9999,8.29,-9999,-9999,-9999,-9999,-9999,-9999,-9999,2153.0686813293,1,2157.6536476058,1,-9999,-9999,UNH,Coastal Ocean,Sand,Multi Parameter Sonde,Multi Parameter Sonde,-9999,8/22/19
56,UNH,UNH Marine Docents,NH,No,Great Bay,43.072222,-70.8694444444,Great Bay,"Portland, ME",0.1,Low,6.1,-9999,29.2,80,Mostly Cloudy,0,0.2,13:10:00,24.34,1,27.64,1,-9999,8.55,7.99,1.84,-9999,42.95,-9999,119.8,-9999,1829.7740880559,3,1821.5550591338,1,-9999,-9999,UNH,Mid Estuary,Mud,Multi Parameter Sonde,Multi Parameter Sonde,YSI EXO2,8/21/19
57,UNH,UNH Marine Docents,NH,No,Newmarket Marine,43.07997,-70.934621,Lamprey River,"Portland, ME",0.25,Low,1.3,1.3,32.1,70,Fair,1,0.3,12:51:00,25.9,1,3.78,1,-9999,7.83,7.32,1.62,-9999,6.9,-9999,97.8,-9999,554.6253102244,3,555.8924275765,3,-9999,-9999,UNH,Upper Estuary,Mud and Rock,Refractometer,Thermometer,-9999,-9999
58,UNH,UNH Marine Docents,NH,Yes,Upper Little Bay,43.10738,-70.86337,Little Bay,"Portland, ME",0.1,Low,3.4,-9999,28,60,Partly Cloudy,1,0.2,12:10:00,23.13,1,28.73,1,-9999,7.74,7.93,1.45,-9999,44.44,-9999,106.7,-9999,1914.4767166958,1,1906.3304472108,1,-9999,-9999,UNH,Mid Estuary,Mud and Shell,Multi Parameter Sonde,Multi Parameter Sonde,EXO2 YSL,8/21/19
59,UNH,UNH Marine Docents,NH,No,UNH Boat House,43.135139,-70.910583,Oyster River,-9999,0.25,Low,0.8,0.5,32.1,65,fair,1,0.3,11:48:00,27.4,1,22.22,1,-9999,8.31,7.78,9.16,-9999,35.31,-9999,115.3,-9999,1292.5641770715,3,1296.2876958002,3,-9999,-9999,UNH,Upper Estuary,Mud,Refractometer,Thermometer,-9999,-9999
60,UNH,UNH Marine Docents,NH,No,Squamscott River,43.041667,-70.922222,"Great Bay, Squamscott River",NOAA Logs for Squamscott River Bridge,0.1,Low,2.4,-9999,30.2,70,Partly Cloudy,1,0.25,12:43:00,26.08,1,17.35,1,-9999,4.55,7.14,7.7,-9999,28.22,-9999,62,-9999,1423.3046843085,3,1420.0852208252,3,-9999,-9999,UNH,Upper Estuary,Mud,Multi Parameter Sonde,Multi Parameter Sonde,EXO2 YSL,8/21/19
61,UNH,UNH,NH,Yes,Hampton,42.9241,-70.8379,Hampton River,"Portland, ME",0.1,Low,2,1.5,27,20,Clear,0,0.15,11:00:00,23.1,1,28.34,1,-9999,5.48,7.45,2.03,-9999,43.9,-9999,75.3,-9999,2080.6835822635,1,2074.1127076473,1,-9999,-9999,UNH,Mid Estuary,Mud and Sand,Multi Parameter Sonde,Multi Parameter Sonde,YSI EXO2,8/21/19
62,WHOI,CCCE / WHSG,MA,Yes,Scudders,41.710633,-70.322981,Barnstable Harbor,Boston - Barnstable,0,Low,0.2,-9999,30,30,Mostly Sunny,1,0.1,11:05:00,26.47,1,29.57,1,-9999,7.45,7.75,5,2,-9999,-9999,-9999,-9999,1981.58,1,1974.15,1,-9999,-9999,WHOI,Mid Estuary,Sand,Multi Parameter Sonde,Multi Parameter Sonde,YSI 6600,8/22/19
63,WHOI,Pleasant Bay Alliance,MA,Yes,PBA15,41.770385,-69.976167,Kescayogansett / Pleasant Bay,Boston,0,Low,3.3,0.9,30,20,Sunny,1,0.15,12:10:00,26.5,1,29,1,-9999,7.92,-9999,-9999,-9999,-9999,-9999,-9999,-9999,2046.48,1,2049.43,1,-9999,-9999,WHOI,Upper Estuary,mud,Refractometer,YSI55,YSI 55,3/19/19
64,WHOI,Aquacultural Research Corp,MA,Yes,ARC,41.728,-70.233,Chase Garden Creek,Sesuit Harbor,-9999,Low,0.15,-9999,28,15,Partly Cloudy,light current,0.15,10:55:00,25.2,1,30.5,1,-9999,-9999,7.6,-9999,-9999,-9999,-9999,-9999,-9999,2053.475,1,-9999,-9999,-9999,-9999,WHOI,-9999,"Rocky, Silty, Sandy",-9999,Thermometer,-9999,-9999
65,WHOI,Aquacultural Research Corp,MA,Yes,ARC,41.728,-70.233,Chase Garden Creek,Sesuit Harbor,-9999,Low,0.5,-9999,28,15,Partly Cloudy,light current,0.15,10:55:00,25.2,1,30.5,1,-9999,-9999,7.6,-9999,-9999,-9999,-9999,-9999,-9999,2055.7225,1,-9999,-9999,-9999,-9999,WHOI,-9999,"Rocky, Silty, Sandy",-9999,Thermometer,-9999,-9999
66,WHOI,Nantucket Land Bank,MA,No,22 Tennessee Street,41.2761097,-70.1954005,Hither Creek,ECI Point,-9999,Low,-9999,-9999,22.22,100,Fog,calm,0.15,5:00:00,26.67,1,24,1,-9999,-9999,-9999,-9999,-9999,-9999,-9999,-9999,1.43,1806.04,1,1804.61,1,-9999,-9999,MIT,-9999,"Sandy, Silty",Refractometer,Thermometer,-9999,-9999
67,WHOI,Nantucket Natural Resources Dept.,MA,Yes,Head of Harbor,41.334722,-70.0175,Nantucket Harbor,Nantucket Harbor,0.5,Low,6,6,22,17.5,Fog,Calm,-9999,5:30:00,18.6,1,38.35,3,-9999,7.55,7.66,-9999,-9999,50.45,-9999,101.2,-9999,1900.235,1,1901.41,1,-9999,-9999,WHOI,Upper Estuary,"Silt, Clay",Multi Parameter Sonde,Multi Parameter Sonde,Pro D55?,8/15/19
68,WHOI,Nantucket Land Council,MA,Yes,Station #3,41.2871,-70.1967,Madaket Harbor,Eel Point,0.5,Low,1.7,2.7,25,30,Partly Cloudy,0,0.15,10:38:00,24.8,1,32,1,-9999,7.77,7.68,-9999,-9999,-9999,-9999,-9999,-9999,2049.705,1,2048.855,1,-9999,-9999,WHOI,Lower Estuary,Sand,Refractometer,Multi Parameter Sonde,YSI ODO / Myron L,8/19/19
69,WHOI,Pond Watch,MA,Unknown,Childs R. Estuary,41.5806,-70.613833,Falmouth Estuaries,Falmouth Heights,0,Low,1.0668,-9999,26.67,0,Clear,Calm,0.5,11:00:00,24.9,1,15.3,1,-9999,5.47,-9999,-9999,-9999,-9999,-9999,-9999,-9999,1698.6266666667,1,1691.48,1,-9999,-9999,WHOI,-9999,-9999,Multi Parameter Sonde,Multi Parameter Sonde,-9999,-9999
70,WHOI,Pond Watch,MA,Unknown,Green Pond,41.5622,-70.5684,Falmouth Estuaries,Falmouth Heights,0,Low,1.0668,-9999,26.667,60,sunny,calm,0.5,10:02:00,27.1,1,25.4,1,-9999,6.93,-9999,-9999,-9999,-9999,-9999,-9999,-9999,1202.805,3,1219.27,3,-9999,-9999,WHOI,Upper Estuary,-9999,Multi Parameter Sonde,Multi Parameter Sonde,-9999,-9999
71,WHOI,Woods Hole Sea Grant,MA,Yes,Mayo Beach,41.930278,-70.032778,Well Fleet Harbor,Boston,0,Low,0.2,-9999,30,10,sunny,1,-9999,11:40:00,32.4,1,28.31,1,-9999,-9999,-9999,-9999,-9999,43.98,-9999,-9999,-9999,1751.2933333333,1,1762.13,1,-9999,-9999,WHOI,Coastal Ocean,Sand,Multi Parameter Sonde,Multi Parameter Sonde,Eco Sense EC300A,8/21/19
72,WHOI,Center for Coastal Studies,MA,-9999,-9999,41.993673,-70.050278,Pamet River,-9999,Very Light Rain,Low,-9999,-9999,-9999,-9999,-9999,-9999,0.15,10:40:00,21.7,1,0.46,3,-9999,3.75,7.77,-9999,-9999,-9999,-9999,-9999,-9999,1229.4266666667,1,-9999,-9999,-9999,-9999,WHOI,-9999,-9999,Multi Parameter Sonde,Multi Parameter Sonde,YSI Professional Plus,-9999
73,WHOI,Marine Biological Lab,MA,Yes,Rowley Field House,42.725174,-70.854903,Rowley River,NOAA 8441241,-9999,Low,0.6,-9999,28,5,-9999,0,0.2,11:15:00,25.85,1,20.1,1,-9999,4.32,7.18,-9999,-9999,-9999,-9999,-9999,-9999,2006.195,1,2000.775,1,-9999,-9999,WHOI,Mid Estuary,Mixed Mud / Rock,Multi Parameter Sonde,Multi Parameter Sonde,YSI 6600 Sonde,8/21/19
74,WHOI,Town of Mashpee DNR,MA,Yes,Mashpee Neck Landing,41.6,-70.46,Popponsett Bay,USGS 413601070275800,0,Low,1.2,0.5,28,0,Clear,-9999,0.2,12:30:00,28.84,1,25.24,1,-9999,7.63,-9999,-9999,-9999,39.73,-9999,-9999,15.78,1666.38,1,1682.16,1,-9999,-9999,MIT,-9999,-9999,-9999,-9999,-9999,-9999
75,WHOI,Town of Mashpee DNR,MA,Yes,Little River Town Dock,41.565,-70.51,Waquoit Bay,USGS 413601070275800,0,Low,1.6,1,28,0,clear,-9999,0.2,12:00:00,27.53,1,29.07,1,-9999,7.06,-9999,-9999,-9999,45.04,-9999,-9999,11.08,1870.21,1,1881.29,1,-9999,-9999,MIT,-9999,-9999,-9999,-9999,-9999,-9999
76,WHOI,Center for Coastal Studies,MA,No,Rock Harbor Culvert,41.797,-69.992,Rock Harbor,Sesuit,None,Low,0.2,Bottom,28.3,20,mostly sunny,0,0.1,10:15:00,26.5,1,12.81,1,-9999,4.02,8.13,-9999,-9999,-9999,-9999,-9999,-9999,1241.7033333333,1,1241.415,1,-9999,-9999,WHOI,Upper Estuary,Rocky / Sandy,Multi Parameter Sonde,Multi Parameter Sonde,YSI Pro Plus / Pro DSS,Spring 2019
77,WHOI,Center for Coastal Studies,MA,No,Sesuit Creek,41.7451,-70.1625,Sesuit Creek,Sesuit Harbor East Dennis Cape Cod Bay,None,Low,0.3,-9999,27.2,10,mostly sunny,0,0.15,10:48:00,23.9,1,12.21,1,-9999,8.02,7.75,-9999,-9999,-9999,-9999,-9999,-9999,1452.78,1,1456.09,1,-9999,-9999,WHOI,Mid Estuary,Rock / Shell,Multi Parameter Sonde,Multi Parameter Sonde,YSI Pro Plus Model Pro10102030,Spring 2019
78,WHOI,Massachusetts Maritime Academy,MA,Yes,Taylor Point,41.741083,-70.625639,Buzzards Bay,"Cape Cod Canal, RR Bridge",0.25,Low,6.6,3.6,21.1,100,Cloudy,1,0.15,7:42:00,17.1,1,31.2,1,-9999,7.38,8.24,-9999,-9999,-9999,-9999,-9999,-9999,2081.705,1,2082.645,1,-9999,-9999,WHOI,Coastal Ocean,Rock / Mud,Multi Parameter Sonde,Multi Parameter Sonde,YSI Pro DSS,2/9/19
79,WHOI,BCWC,MA,Yes,South Cotuit Bay,41.615428,-70.428778,Cotuit Bay,-9999,None,Low,4.02,1.6,27.3,30,partly sunny,1,0.16,11:30:00,27.1,1,26,1,-9999,6.33,-9999,-9999,-9999,-9999,-9999,-9999,-9999,1808.805,1,1808.645,1,-9999,-9999,WHOI,Lower Estuary,Mud,Refractometer,Thermometer,-9999,-9999
80,WHOI,Island Creek Oysters,MA,Yes,Island Creek Oysters Dock,42.036732,-70.669609,Duxbury Bay,Duxbury Harbor #8446166,0.09,Low,0.5,-9999,27.8,10,Sunny,1,0.15,11:21:00,22.5,1,26,1,-9999,-9999,7.75,-9999,-9999,-9999,-9999,-9999,-9999,2080.6166666667,1,2084.49,1,-9999,-9999,WHOI,-9999,Mud,Refractometer,Thermometer,N/A,N/A
81,WHOI,Martha's Vineyard Commission,MA,No,SKT 9,41.406382,-70.535341,Sengekontacket,OB Harbor,0,Low,0.5,0.5,26.1,50,Sunny,1,0.2,9:31:00,26.6,1,29.76,1,-9999,4.96,8.02,-9999,-9999,-9999,-9999,-9999,-9999,1956.545,3,1970.7025,1,-9999,-9999,WHOI,-9999,-9999,-9999,-9999,-9999,-9999
82,WHOI,Martha's Vineyard Commission,MA,No,MV 14,41.45719,-70.56195,Oak Bluffs Harbor,OB Harbor,0,Low,0.9,0.9,28.6,20,Sunny,Calm,0.5,9:21:00,25.4,1,30.7,1,-9999,4.89,-9999,-9999,-9999,-9999,-9999,71.5,-9999,1954.205,1,1953.735,1,-9999,-9999,WHOI,-9999,-9999,-9999,-9999,-9999,-9999
83,WHOI,Martha's Vineyard Shellfish Group,MA,Yes,Weaver Lane Dock,41.440556,-70.61,Lagoon Pond,Vineyard Haven,-9999,Low,2.5,-9999,-9999,30,Sunny,Calm,0.2,10:45:00,24.5,1,30,1,-9999,-9999,-9999,-9999,-9999,-9999,-9999,-9999,-9999,1978.82,1,1986.3725,1,-9999,-9999,WHOI,Mid Estuary,"Sand, Cobble, Macro Algae",Refractometer,Thermometer,-9999,-9999
84,WHOI,Wampanoag Tribe of Gay Head (Aquinnah),MA,Yes,M44,41.332708,-70.766419,Meneshma Pond,Meneshma Harbor,0.1,Low,4.4,2.9,23.89,100,Cloudy,1,0.3,6:30:00,22.09,1,33.59,1,-9999,11.13,7.93,-9999,-9999,-9999,-9999,-9999,0.46,2089.5,1,2089.04,1,-9999,-9999,MIT,Lower Estuary,Sand,Multi Parameter Sonde,Multi Parameter Sonde,YSI EXO2,DO cal on 8/22/2019 othters cal on 8/21/2019
85,WHOI,Buzzards Bay Coalition,MA,Unknown,NB2,41.639146,-70.911349,Inner New Bedford Harbor,New Bedford,0,Low,2.5,1.54,23.33,100,Overcast,calm,0.15,6:12:00,25.41,1,30.38,1,-9999,5.44,7.72,-9999,3.4,-9999,-9999,77.6,-9999,2008.355,1,2007.86,1,-9999,-9999,WHOI,Mid Estuary,Unknown,Multi Parameter Sonde,Multi Parameter Sonde,"YSI 6600, Prod DSS YSI",-9999
86,WHOI,Buzzards Bay Coalition,MA,Yes,WR2X,41.75299,-70.708553,Wareham River,Onset Beach,-9999,Low,2.4,1.4,24.4,95,Overcast,1,0.15,7:30:00,26.3,1,19.22,1,-9999,5.03,7.78,-9999,-9999,-9999,-9999,-9999,-9999,1438.26,1,1429.605,1,-9999,-9999,WHOI,Upper Estuary,Eelgrass,Multi Parameter Sonde,Multi Parameter Sonde,YSI Pro DSS,-9999
87,WHOI,Buzzards Bay Coalition,MA,Yes,WF2,41.608661,-70.63719,West Falmouth Harbor,"W. Falmouth Harbor, #8447685",0.05,Low,0.68,-9999,-9999,100,Overcast,1,0.25,6:34:00,24.88,1,19.56,1,-9999,5.38,7.79,3.31,-9999,-9999,-9999,72.7,-9999,1272.6966666667,1,1271.665,1,-9999,-9999,WHOI,Upper Estuary,Mud / Algae,Multi Parameter Sonde,Multi Parameter Sonde,In Situ Aqua TROLL 500,8/21/19
1,MIT,Cohasset Center for Student Coastal Research,MA,Yes,Sailing Club Docks,42.239357,-70.788614,Cohasset Harbor,Whithead,Trace,Mid,3.5,1.3,-9999,50,Mostly Sunny,0-1,0.3,13:30:00,21,1,30.45,1,-9999,9.47,8.35,-9999,-9999,-9999,-9999,-9999,-9999,2079.08,1,-9999,-9999,-9999,-9999,MIT,Coastal Ocean,Unknown,Multi Parameter Sonde,Multi Parameter Sonde,YSI Pro Plus,8/22/19
2,MIT,NSRWA,MA,Unknown,Damon's Point,42.160315,-70.732676,North River,-9999,"0""",Mid,3.8,2.5,30.5,30,Sunny,0,0.15,14:04:00,19.7,1,28.5,1,-9999,8.08,-9999,-9999,-9999,39.78,-9999,-9999,-9999,2065.65,1,-9999,-9999,-9999,-9999,MIT,Mid Estuary,Mud,Multi Parameter Sonde,Multi Parameter Sonde,YSI-85,-9999
3,MIT,Neponset River Watershed Association,MA,No,Granite Ave Bridge,42.277615,-71.053393,Neponset River,usharbors.com,"0.09""",Mid,-9999,1.05,33,20,Mostly Sunny,1,0.15,13:41:00,25,1,20,1,-9999,7.39,-9999,-9999,-9999,-9999,-9999,-9999,-9999,1672.52,1,-9999,-9999,-9999,-9999,MIT,Mid Estuary,Mud,Refractometer,Thermometer,YSI-85,Unknown
4,MIT,US EPA,MA,No,Peddocks Island,42.29883,-70.926622,Boston Harbor,-9999,-9999,Mid,-9999,-9999,32,50,Sunny,Calm,0.5,13:28:00,22,1,32.5,1,-9999,-9999,-9999,-9999,-9999,-9999,-9999,-9999,-9999,2103.45,1,-9999,-9999,-9999,-9999,MIT,-9999,-9999,-9999,-9999,-9999,-9999
5,MIT,New England Aquarium,MA,Yes,NEAQ,42.358889,-71.048611,Boston Harbor,#8443970,Trace,Mid,-9999,2,30.55,40,Sunny,1,0.2,13:28:00,18.89,1,29.74,1,-9999,-9999,8.01,-9999,-9999,-9999,756.7,-9999,-9999,2059.14,1,-9999,-9999,-9999,-9999,MIT,Coastal Ocean,-9999,-9999,-9999,-9999,-9999
6,Northeastern,EPA Region 1,MA,Yes,"Pavilion Beach, Gloucester",42.60955,-70.668467,Gloucester Harbor,Boston,None,Mid,0.8,-9999,-9999,20,Mostly Sunny,Calm,0.2,13:15:00,23.08,1,31.3,1,-9999,-9999,-9999,-9999,-9999,-9999,-9999,-9999,-9999,2098.25,1,-9999,-9999,-9999,-9999,MIT,Coastal Ocean,"Sand, Cobble",Multi Parameter Sonde,Multi Parameter Sonde,YSI EXO 1,8/20/19
7,Northeastern,Salem Sound Coastal Watch / Swampscott Conservancy,MA,Yes,Fishermen's Beach,42.46623,-70.909868,Nahant Bay,Lynn Harbor,"<1""",Mid,3.45,2.5,26,70,Partly Sunny,1,0.15,13:39:00,23,1,30,1,-9999,-9999,-9999,-9999,-9999,-9999,-9999,-9999,-9999,2107.93,1,-9999,-9999,-9999,-9999,MIT,Coastal Ocean,Eelgrass Bed,Refractometer,Thermometer,-9999,-9999
8,Northeastern,EPA Region 1,MA,Yes,Conomo Point,42.65144,-70.744575,Essex Bay,Boston,-9999,Mid,2.8,-9999,-9999,30,Mostly Sunny,Calm,0.1,13:45:00,19.97,1,31.14,1,-9999,-9999,-9999,-9999,-9999,-9999,-9999,-9999,-9999,2085.97,1,-9999,-9999,-9999,-9999,MIT,Mid Estuary,Sand,Multi Parameter Sonde,Multi Parameter Sonde,YSI EXO 1,8/20/19
9,Northeastern,Salem Sound Coastal Watch,MA,Yes,Forest River Park,42.50756,-70.883188,Salem Harbor,Boston,-9999,Mid,1.9,-9999,34,60,Mostly Sunny,1,-9999,13:35:00,21.2,1,31,1,-9999,-9999,7.62,-9999,-9999,-9999,-9999,-9999,-9999,2129.71,1,-9999,-9999,-9999,-9999,MIT,Lower Estuary,"Sand, Lg Rocks",Refractometer,Thermometer,Corning 308,8/21/19
10,Northeastern,Salem Sound Coastal Watch,MA,Yes,Beverly Public Pier,42.539735,-70.885851,Beverly Harbor,Boston,".05""",Mid,6,1.7,30,50,Humid,1,0.16,13:30:00,21,1,31,1,-9999,-9999,8.12,-9999,-9999,-9999,-9999,-9999,-9999,2109.43,1,-9999,-9999,-9999,-9999,MIT,Lower Estuary / Coastal Ocean,"Coarse Mud, River Bed",Refractometer,-9999,Accumet AP 115 for temp and pH,1st 8/21/2019. 2nd 8/22/2019
11,Northeastern,Salem Sound Coastal Watch,MA,-9999,Manchester Town Hall,42.574622,-70.772902,Manchester Inner Harbor,-9999,-9999,Mid,1.9,1.4,34,20,Mostly Sunny,Calm,0.18,13:30:00,25,1,25,1,-9999,-9999,7.94,-9999,-9999,-9999,-9999,-9999,-9999,1876.13,1,-9999,-9999,-9999,-9999,MIT,Mid Estuary,Mud,Refractometer,Thermometer,Goodes ATC Refractometer,8/21/19
12,UCONN,CUSH,CT,-9999,Wequetequock Cove Head,41.358333,-71.880278,Wequetequock Cove,Stonington Harbor,"0""",Mid,1.2,-9999,25.55,50,Humid,1,0.15,10:30:00,26.2,1,6,1,-9999,5.8,-9999,-9999,-9999,-9999,-9999,-9999,-9999,24.9,2,-146.6,2,-9999,-9999,UCONN,Upper Estuary,Mud,Refractometer,Thermometer,-9999,-9999
13,UCONN,Harbor Watch,CT,Yes,Copps Island Oysters,41.096272,-73.405146,"Norwalle Harbor, CT",S. Norwalk 8468448,"0.01""",Mid,3.1,0.864,31,30,Partly Cloudy,1,0.15,13:43:00,28.5,1,22.38,1,-9999,8.98,7.92,-9999,-9999,-9999,-9999,-9999,-9999,1831.7,1,-9999,-9999,-9999,-9999,UCONN,Mid Estuary,Mud,Multi Parameter Sonde,Accuweather,YSI Pro Plus,8/21/19
14,UCONN,New England Science and Sailing,CT,No,STO-0-07,41.33125,-71.90955,Stonington Harbor,New London 8461490,"0.11""",Mid,4.2,1.2,24.44,60,Partly Cloudy,2,0.5,11:20:00,23.19,1,29.97,1,-9999,7.43,-9999,-9999,-9999,-9999,-9999,-9999,-9999,2057.9,1,2050.5,1,-9999,-9999,UCONN,Lower Estuary,Unknown,Multi Parameter Sonde,Multi Parameter Sonde,Eureka MT 01183167,8/15/19
15,UCONN,Setauket Harbor Task Force,NY,Yes,Poquott Dock,40.95345,-73.08139,Port Jefferson Harbor,Eldridge?,".28""",Mid,2.4,-9999,30.56,20,Sunny,Calm,0.0015,13:39:00,25.36,1,26.35,1,-9999,-9999,-9999,-9999,-9999,-9999,-9999,-9999,-9999,1939,1,-9999,-9999,-9999,-9999,UCONN,Mid Estuary,Sand and Mud,Multi Parameter Sonde,Multi Parameter Sonde,Eureka Manta,8/9/19
16,UCONN,Derecktor Shipyards,NY,Unknown,MAM-03,40.94838,-73.73016,"Mamaroneck River, East Basin",-9999,"0.01""",Mid,3.8,-9999,30.55,30,Sunny,Calm,0.15,13:15:00,26.4,1,22.79,1,-9999,3.6,-9999,-9999,-9999,-9999,-9999,-9999,-9999,1912.6,1,1922.8,3,-9999,-9999,UCONN,Upper Estuary,Unknown,Multi Parameter Sonde,Multi Parameter Sonde,MT 04172708,8/22/19
17,UCONN,Interstate Environmental Commisson,NY,-9999,9-412,40.82,-73.7135,Manhasset Bay,"Kings Point, NY",".35""",Mid,4.9,1.1,25.5,40,"Hot, Humid",1,0.1,6:17:00,24.99,1,25.26,1,-9999,5.58,7.37,-9999,-9999,-9999,-9999,-9999,-9999,1854.6,1,1907.1,1,1902.5,1,UCONN,-9999,Unknown,Multi Parameter Sonde,Multi Parameter Sonde,YSI EXO 1,8/21/19
18,UCONN,Save the Sound,NY,Yes,Rye City Boat Basin,40.95766,-73.68969,"Milton Harbor, NY",NOAA 8518490,-9999,Mid,2.6,-9999,31.11,35,Mostly Sunny,1,0.1,13:04:00,27.5,1,20.34,1,-9999,4.55,-9999,4.52,-9999,-9999,-9999,-9999,-9999,1992,-9999,-9999,-9999,-9999,-9999,EPA,Upper Estuary,Unknown,Multi Parameter Sonde,Multi Parameter Sonde,YSI EXO 1,8/21/19
19,EPA,Salt Ponds Coalition,RI,Yes,Gardner Island,41.407817,-71.50825,Point Judith Pond,-9999,Brief,Mid,3,1.7,22.22,100,Overcast,Slight Breeze,0.15,9:35:00,25,1,32,1,-9999,-9999,-9999,-9999,-9999,-9999,-9999,-9999,-9999,1963.75,1,1974.95,1,-9999,-9999,EPA,Upper Estuary,Mud,Refractometer,Thermometer,-9999,-9999
20,EPA,CGSP,RI,Yes,-9999,41.202976,-71.588695,"Great Salt Pond, Block Island",-9999,"1""",Mid,1,1,24.44,100,Overcast,2,0.15,9:00:00,24.1,1,29.3,1,-9999,5.79,-9999,-9999,-9999,-9999,-9999,-9999,-9999,2080.65,1,2080.5,1,-9999,-9999,EPA,"Upper, Mid, and Coastal",-9999,-9999,-9999,-9999,4/19/20
21,EPA,Save Bristol Harbor,RI,-9999,Windmill Point,41.677778,-71.278889,Bristol Harbor,Newport,-9999,Mid,2.8,-9999,27.7,90,Mostly Cloudy,1,0.2,9:30:00,25.4,1,30,1,-9999,-9999,-9999,-9999,-9999,-9999,-9999,-9999,-9999,1955.35,1,1959.9,1,-9999,-9999,EPA,-9999,-9999,-9999,-9999,-9999,-9999
22,EPA,URI Watershed Watch,RI,Yes,NR10 Sprague Bridge,41.448801,-71.449757,Pettasquamscutt River,Newport,-9999,Mid,-9999,-9999,-9999,-9999,-9999,-9999,-9999,-9999,-9999,-9999,-9999,-9999,-9999,-9999,-9999,-9999,-9999,-9999,-9999,-9999,-9999,-9999,-9999,-9999,-9999,-9999,-9999,EPA,Lower Estuary,Sand,Refractometer,Thermometer,-9999,-9999
23,EPA,Save the Bay,RI,No,Viking Manor,41.3674,-71.834817,Pawcatuck River,Pawcatuck River,"0.07""",Mid,1.9,1.7,29,100,Cloudy,Calm,0.2,11:07:00,24,1,0,1,-9999,-9999,-9999,-9999,-9999,-9999,-9999,-9999,-9999,302.5,3,311.8,3,-9999,-9999,EPA,Upper Estuary,Mud,Refractometer,Thermometer,-9999,-9999
24,EPA,Salt Ponds Coalition,RI,Yes,Beef Island,41.395896,-71.512369,Point Judith Central Pond,-9999,-9999,Mid,-9999,-9999,-9999,-9999,-9999,-9999,-9999,-9999,-9999,-9999,-9999,-9999,-9999,-9999,-9999,-9999,-9999,-9999,-9999,-9999,-9999,-9999,-9999,-9999,-9999,-9999,-9999,-9999,Lower Estuary,Sand,-9999,Thermometer,-9999,-9999
25,EPA,EPA,RI,No,Bets Station 4,41.598333,-71.381667,Narragansett Bay,"# 8454049 Quonset Point, RI",None,Mid,33.7,3.1,25,80,Overcast,1,0.15,9:30:00,24.2,1,33.53,1,-9999,7.95,8.06,-9999,-9999,-9999,-9999,115.2,-9999,1982.76,1,-9999,-9999,-9999,-9999,EPA,Mid Estuary,Unknown,Multi Parameter Sonde,Multi Parameter Sonde,YSI Professional Plus,8/20/19
26,EPA,EPA,RI,No,Bets Station 7,41.566633,-71.310917,Narragansett Bay,"# 8454049 Quonset Point, RI",None,Mid,57.2,2.4,25,70,Partly Sunny,1,0.15,9:54:00,23.3,1,33.64,1,-9999,7.48,8.03,-9999,-9999,-9999,-9999,106.6,-9999,1985.35,1,-9999,-9999,-9999,-9999,EPA,Mid Estuary,Unknown,Multi Parameter Sonde,Multi Parameter Sonde,YSI Professional Plus,8/20/19
27,Bowdoin,Maine Maritime Academy,ME,Unknown,Station 2 Gravel Island,44.439367,-68.729117,Bagaduce River,Castine,"1.25""",Mid,6.5,1.9,25.4,60,Slightly Cloudy,0-1,0.15,13:46:00,19.2,1,16.5,1,-9999,-9999,-9999,-9999,-9999,-9999,-9999,-9999,-9999,1955.9,1,-9999,-9999,-9999,-9999,BOWDOIN,Mid Estuary,-9999,Multi Parameter Sonde,Multi Parameter Sonde,YSI 30/25 FT,Not Known
28,Bowdoin,Maine Maritime Academy,ME,Unknown,Station 1 Negro Island,44.401775,-68.773142,Bagaduce River,Castine,"1.25""",Mid,11.3,3.0,24.45,65,Slightly Cloudy,0-1,0.15,13:22:00,16.3,1,10.5,1,-9999,-9999,-9999,-9999,-9999,-9999,-9999,-9999,-9999,1981.2,1,-9999,-9999,-9999,-9999,BOWDOIN,Lower Estuary,-9999,Multi Parameter Sonde,Multi Parameter Sonde,YSI 30/25 FT,Not Known
29,Bowdoin,UMaine Machias,ME,-9999,Rim Bridge,44.70844,-67.45865,Machias Bay,Machias Port,"0.25""",Mid,0.7,-9999,18.3,100,Cloudy,Calm,0.3,7:52:00,18.1,1,17,1,-9999,-9999,7.74,-9999,-9999,-9999,-9999,-9999,-9999,1128.7,1,-9999,-9999,-9999,-9999,BOWDOIN,-9999,Mud,Refractometer,Thermometer,HI 99121 pH Meter,8/22/19
30,Bowdoin,Casco Bay Estuary Partneryship,ME,Yes,Walton Park,43.716897,-70.263897,Presumpscot River,Presumpscot River Bridge 8418137,"1.91""",Mid,-9999,-9999,27,75,Cloudy,Calm,0.15,13:18:00,24.6,1,0.05,1,-9999,-9999,-9999,-9999,-9999,-9999,-9999,-9999,-9999,315.1,3,-9999,-9999,-9999,-9999,BOWDOIN,Upper Estuary,Mud,Multi Parameter Sonde,Multi Parameter Sonde,YSI / EXO1 Multiparameter sonde,May
31,Bowdoin,Maine DEP,ME,No,Fort Gorges,43.66222,-70.22639,Portland Harbor,Portland 8418150,"1.88""",Mid,17.9,2.3,27.2,25,Mostly Sunny,2,0.1,12:20:00,19.36,1,27.79,1,-9999,8.71,7.94,0.1,-9999,-9999,-9999,111.5,-9999,1905,3,-9999,-9999,-9999,-9999,BOWDOIN,Lower Estuary,Rock / Mud,Multi Parameter Sonde,Multi Parameter Sonde,YSI 6600 V2,8/2/19
32,Bowdoin,Maine DEP,ME,No,CBPR,43.6799,-70.2374,Presumpscot River,Portland 8418150,"1.88""",Mid,1.9,2.1,27.2,25,Mostly Sunny,1,0.1,12:50:00,19.11,1,27.86,1,-9999,8.51,7.96,0.3,-9999,-9999,-9999,108.5,-9999,1924.4,1,-9999,-9999,-9999,-9999,BOWDOIN,Mid Estuary,Sand,Multi Parameter Sonde,Multi Parameter Sonde,YSI 6600 V2,8/2/19
33,Bowdoin,Maine DEP,ME,No,PR-28,43.69068,-70.24637,Presumpscot River,Portland 8418150,"1.88""",Mid,5.3,1.7,27.2,75,Mostly Cloudy,1,0.1,13:10:00,21.74,1,21.83,1,-9999,9.29,8.12,3,-9999,-9999,-9999,120,-9999,1602.7,1,-9999,-9999,-9999,-9999,BOWDOIN,Mid Estuary,"Silt, Sand",Multi Parameter Sonde,Multi Parameter Sonde,YSI 6600 V2,8/2/19
34,Bowdoin,Maine DEP,ME,No,PR-17,43.70563,-70.24664,Presumpscot River,Portland 8418150,"1.88""",Mid,3.3,1,27.2,75,Mostly Cloudy,1,0.1,13:25:00,23.99,1,12.84,1,-9999,9.87,8.19,6.5,-9999,-9999,-9999,126.2,-9999,-9999,-9999,-9999,-9999,-9999,-9999,-9999,Upper Estuary,"Silt, Sand",Multi Parameter Sonde,Multi Parameter Sonde,YSI 6600 V2,8/2/19
35,Bowdoin,Friends of Casco Bay,ME,Yes,"FOCB, Curtis Island CMS",43.75199,-70.139262,Casco Bay,US Harbors,"1.91""",Mid,2.4,-9999,25,40,Sunny,2,0.1,13:00:00,19.1,1,30.79,1,-9999,10.1,8.07,-9999,4.9,-9999,-9999,131.5,-9999,2092.179436,3,-9999,-9999,-9999,-9999,UNH,Coastal Ocean,Clay / Mud,Multi Parameter Sonde,Multi Parameter Sonde,EXO YSI 2,8/8/19
36,Bowdoin,Shaw Institute,ME,Yes,Peters Cove,44.4116911,-68.5700354,Blue Hill Bay,Blue Hill Harbor 8414112,"0.91""",Mid,0.7,-9999,-9999,80,-9999,-9999,0.15,-9999,22.73,1,22.33,1,-9999,11.79,8.05,10.52,5.04,-9999,-9999,-9999,-9999,333.8,1,-9999,-9999,-9999,-9999,BOWDOIN,Coastal Ocean,"Mud, Rock, Algae",Multi Parameter Sonde,Multi Parameter Sonde,YSI EXO2,8/19/19
37,Bowdoin,Shaw Institute,ME,Yes,Kollegewidgwok Yacht Club,44.409867,-68.564883,Blue Hill Bay,Blue Hill Harbor 8414112,"0.91""",Mid,3.51,-9999,28.6,85,Partly Cloudy,1,0.15,13:26:00,20.5,1,29.79,1,-9999,10.12,7.97,0.4,3.82,-9999,-9999,-9999,-9999,2006.1,1,-9999,-9999,-9999,-9999,BOWDOIN,Coastal Ocean,Sampled from dock,Multi Parameter Sonde,Multi Parameter Sonde,YSI EXO2,8/19/19
38,UNH,Belfast Bay Watershed Coalition,ME,No,Belfast Breakwater,44.429044,-69.003054,Belfast Bay,Bar Harbor,"1.09""",Mid,5.3,-9999,28,40,"Warm, Sunny",Moderate 1',Surface,13:00:00,21.3,1,27,1,-9999,10.65,8.26,-9999,-9999,34.1,-9999,-9999,-9999,2066.87439,3,-9999,-9999,-9999,-9999,UNH,Lower Estuary,Hard Mud,Refractometer,-9999,Hach HG40D,Approx. 8/1/2019
39,UNH,Bigelow,ME,No,Bigelow Dock,43.860475,-69.578262,Damariscotta River,Boothbay Harbor,"1.17""",Mid,9,-9999,23.89,40,Mostly Sunny,Calm,0.15,13:10:00,16.6,1,28.5,1,-9999,10.6,-9999,-9999,-9999,-9999,-9999,-9999,-9999,2111.807784,1,-9999,-9999,-9999,-9999,UNH,Lower Estuary,Sand and Soft Sed.,Multi Parameter Sonde,Multi Parameter Sonde,Hach HQ40D,7/1/19
40,UNH,BRLT,ME,Yes,BIO,43.88557,-69.588952,Damariscotta River,Boothbay Harbor,".7""",Mid,4.9,2.4,22.6,60,Breezy,2,0.1,13:10:00,17.1,1,31.7,1,-9999,6.73,7.92,-9999,-9999,-9999,-9999,-9999,-9999,2138.137138,1,-9999,-9999,-9999,-9999,UNH,Mid Estuary,Sandy,Multi Parameter Sonde,Multi Parameter Sonde,Extech EC170,6/4/19
41,UNH,BRLT,ME,Yes,Newagen (B5),43.78627,-69.65526,Newagen Harbor,Boothbay Harbor,".50""",Mid,2.9,2.9,25,40,Partly Cloudy,2,0.15,13:10:00,20.7,1,31.1,1,-9999,6.88,7.92,-9999,-9999,-9999,-9999,-9999,-9999,2109.397507,1,-9999,-9999,-9999,-9999,UNH,Coastal Ocean,Mud,Multi Parameter Sonde,Multi Parameter Sonde,Extech EC170,6/4/19
42,UNH,Downeast Institute,ME,Yes,DFI,44.4805,-67.5968,Black Duck Cove,Steele Harbor Island,"0.4""",Mid,4.15,4.15,20,100,Overcast,2,0,12:45:00,14.8,1,33,1,32.011,8.16,8.03,-9999,-9999,-9999,-9999,-9999,-9999,2151.349779,1,-9999,-9999,-9999,-9999,UNH,Coastal Ocean,Sand,Refractometer,HANNA pHep,HANNA pHep,8/22/19
43,UNH,Kennebec Estuary Land Trust,ME,Yes,Fort Popham,43.754249,-69.783699,Kennebec Estuary,"Hunniwell Point, Maine","0.37""",Mid,4.9,2.7,26,20,Partly Cloudy,2,0.15,13:25:00,19.5,1,24.4,1,-9999,7.4,7.94,-9999,-9999,-9999,-9999,-9999,-9999,1729.03395,3,-9999,-9999,-9999,-9999,UNH,Lower Estuary,Sand,Hanna Meter,Hanna Meter,Salinity & Temp: HANNA Meter HI98319. pH: HANNA pHep Meter HI98128,8/22/19
44,UNH,Maine Maritime Academy,ME,Yes,"Station 3, Upper Bagaduce",44.397867,-68.705433,Bagaduce River,Castine,"1.25""",Mid,0.5,-9999,21.7,40,Sunny,Calm,0.5,8:15:00,20.5,1,25.1,1,-9999,-9999,-9999,-9999,-9999,-9999,-9999,-9999,-9999,1535.793909,1,-9999,-9999,-9999,-9999,UNH,Upper Estuary,-9999,Multi Parameter Sonde,Multi Parameter Sonde,YSI Pro 30,Not Known
45,UNH,MCOA,ME,Yes,(MCOA) DAM6,44.032217,-69.533583,Damariscotta River,Newcastle,Heavy,Mid,3.3,2.4,29,15,Mostly Sunny,Wavelets,0.15,13:43:00,24.22,1,28.62,1,-9999,6.56,7.69,-9999,-9999,-9999,-9999,-9999,-9999,-9999,-9999,-9999,-9999,-9999,-9999,-9999,Mid Estuary,Rocky / Mud,Multi Parameter Sonde,Multi Parameter Sonde,Manta 2 Sub 3 (Unit 07151970),8/22/19
46,UNH,Mook Sea Farm,ME,Yes,Mook Sea Farm,43.976725,-69.592308,Damariscotta River,"Walpole, Maine","1 - 2 """,Mid,2.8,-9999,25.5,20,Mostly Sunny,1,0.15,13:31:00,20.3,1,30,1,30.495,8.45,7.82,-9999,-9999,-9999,-9999,-9999,-9999,2066.062259,3,-9999,-9999,-9999,-9999,UNH,Upper Estuary,Mud w/ Rocks and Shells,Multi Parameter Sonde,Multi Parameter Sonde,YSI EcoSense EC300A,Factory - 8/18/2019
47,UNH,Rockport Conservation Commission,ME,Unknown,RO,44.15795,-69.0534,Penobscot Bay,8415490,".69""",Mid,24.3,3.9,25,50,Partly Cloudy,3,0.1,13:30:00,19.96,1,29.37,1,-9999,8.53,8.24,-9999,-9999,-9999,-9999,-9999,-9999,2003.487962,1,-9999,-9999,-9999,-9999,UNH,-9999,-9999,-9999,-9999,-9999,8/22/19
48,UNH,Rockport Conservation Commission,ME,Unknown,RH-3,44.17763,-69.06852,Rockport Harbor,8415490,".69""",Mid,17.6,2.9,25,50,Partly Cloudy,3,0.1,13:04:00,21.44,1,28.98,1,-9999,9.09,8.22,-9999,-9999,-9999,-9999,-9999,-9999,1982.0426,3,-9999,-9999,-9999,-9999,UNH,Lower Estuary,Unknown,Multi Parameter Sonde,Multi Parameter Sonde,Eureka Manta 2,8/22/19
49,UNH,Rockport Conservation Commission,ME,Unknown,RH-1,44.185,-69.07313,Rockport Harbor,8415490,".69""",Mid,4.8,2.3,25,50,Partly Cloudy,3,0.1,12:49:00,21.39,1,26.58,1,-9999,8.16,8.18,-9999,-9999,-9999,-9999,-9999,-9999,1890.010182,3,-9999,-9999,-9999,-9999,UNH,Upper Estuary,Unknown,Multi Parameter Sonde,Multi Parameter Sonde,Eureka Manta 2,8/22/19
50,UNH,Earthwatch / Schoodic Institute,ME,-9999,Winter Harbor / Frenchman Bay,44.425217,-68.0818,Winter Harbor,8413079,".60""",Mid,4.8,-9999,23.1,20,Mostly Sunny,2,0.1,12:58:00,18,1,33,3,31.849,-9999,8.38,-9999,-9999,-9999,-9999,-9999,-9999,2131.12609,1,-9999,-9999,-9999,-9999,UNH,Coastal Ocean,Sand / Mud / Rubble,Refractometer,Thermometer,Oakton pH610,8/21/19
51,UNH,SMART,ME,Yes,Mill Cove,45.06,-67.11,Passamaquaddy Bay,-9999,".16""",Mid,-9999,-9999,21.7,30,Sunny,Smooth,0.25,13:35:00,22.3,1,34.274,3,-9999,10.45,8.56,5.59,-9999,-9999,-9999,-9999,-9999,-9999,-9999,-9999,-9999,-9999,-9999,UNH,-9999,-9999,-9999,-9999,-9999,-9999
52,UNH,SMART,ME,Yes,Gleason's Cove,44.975278,-67.054167,Passamaquaddy Bay,-9999,".16""",Mid,2.96,-9999,18.8,30,Sunny,Smooth,0.2,13:05:00,17,1,35.588,3,-9999,9.69,7.78,1.98,-9999,-9999,-9999,-9999,-9999,2080.211337,1,-9999,-9999,-9999,-9999,UNH,-9999,-9999,-9999,-9999,-9999,-9999
53,UNH,UMaine Machias,ME,No,Fort O'Brien,44.68603,-67.39633,Machias Bay,Machias Port,0.25,Mid,0.2,-9999,18.4,-9999,-9999,-9999,0.1,7:35:00,15.6,1,31,1,-9999,-9999,7.79,-9999,-9999,-9999,-9999,-9999,-9999,1954.65,1,-9999,-9999,-9999,-9999,BOWDOIN,Coastal Ocean,Mud,Refractometer,Thermometer,HI 99121 pH Meter,8/22/19
54,UNH,UMaine Machias,ME,-9999,Rim Bridge,44.70844,-67.45865,Machias Bay,Machias Port,0.25,Mid,0.7,-9999,18.3,100,Cloudy,calm,0.37,7:52:00,18.1,1,17,1,-9999,-9999,7.74,-9999,-9999,-9999,-9999,-9999,-9999,1128.7,1,-9999,-9999,-9999,-9999,BOWDOIN,-9999,Mud,Refractometer,Thermometer,HI 99121 pH Meter,8/22/19
55,UNH,University of New England,ME,Yes,Goose Rocks Beach,43.392961,-70.422203,Goosefare Bay,"Cape Porpoise, ME",Trace,Mid,0.7,-9999,23.6,50,Sunny,2,0.7,13:30:00,22.6,1,32.5,1,-9999,8.06,-9999,-9999,-9999,-9999,-9999,-9999,-9999,2118.6152223523,1,-9999,-9999,-9999,-9999,UNH,Coastal Ocean,Sand,Multi Parameter Sonde,Multi Parameter Sonde,-9999,8/22/19
56,UNH,UNH Marine Docents,NH,No,Great Bay,43.072222,-70.8694444444,Great Bay,"Portland, ME",0.1,Mid,6.9,2.3,28.3,40,Partly Cloudy,1,0.2,15:47:00,22.82,1,28.53,1,-9999,8.05,7.98,1.94,-9999,44.16,-9999,110.2,-9999,1896.2822542218,1,-9999,-9999,-9999,-9999,UNH,Mid Estuary,Mud,Multi Parameter Sonde,Multi Parameter Sonde,YSI EXO2,8/21/19
57,UNH,UNH Marine Docents,NH,No,Newmarket Marine,43.07997,-70.934621,Lamprey River,"Portland, ME",0.25,Mid,2.3,1.4,32.6,15,Fair,1,0.3,15:48:00,25.3,1,1.42,1,-9999,7.84,7.33,1.23,-9999,2.76,-9999,96.5,-9999,464.7152644722,3,-9999,-9999,-9999,-9999,UNH,Upper Estuary,Mud and Rock,Refractometer,Thermometer,-9999,-9999
58,UNH,UNH Marine Docents,NH,Yes,Upper Little Bay,43.10738,-70.86337,Little Bay,"Portland, ME",0.1,Mid,3.9,1.5,30.1,60,Partly Cloudy,1,-9999,14:54:00,22.87,1,28.57,1,-9999,8.14,7.99,1.63,-9999,44.21,-9999,111.6,-9999,1901.7294577661,1,-9999,-9999,-9999,-9999,UNH,Mid Estuary,Mud and Shell,Multi Parameter Sonde,Multi Parameter Sonde,EXO2 YSL,8/21/19
59,UNH,UNH Marine Docents,NH,No,UNH Boat House,43.135139,-70.910583,Oyster River,-9999,0.25,Mid,1.4,0.7,32.3,40,fair,1.5,0.3,14:47:00,27.4,1,20.82,1,-9999,11.8,8.17,12.88,-9999,33.36,-9999,168.5,-9999,1628.4859477866,3,-9999,-9999,-9999,-9999,UNH,Upper Estuary,Mud,Refractometer,Thermometer,-9999,-9999
60,UNH,UNH Marine Docents,NH,No,Squamscott River,43.041667,-70.922222,"Great Bay, Squamscott River",NOAA Logs for Squamscott River Bridge,0.1,Mid,2.3,1,29.2,40,Partly Cloudy,0,-9999,15:25:00,29.27,1,22.95,1,-9999,7.79,7.74,4.19,-9999,36.48,-9999,115.6,-9999,1569.0860151605,3,-9999,-9999,-9999,-9999,UNH,Upper Estuary,Mud,Multi Parameter Sonde,Multi Parameter Sonde,EXO2 YSL,8/21/19
61,UNH,UNH,NH,Yes,Hampton,42.9241,-70.8379,Hampton River,"Portland, ME",0.1,Mid,3.5,1,24.5,65,Partly Cloudy,0,0.15,14:00:00,21.89,1,30.25,1,-9999,8.89,7.95,2.15,-9999,46.52,-9999,121,-9999,2114.5480353776,1,-9999,-9999,-9999,-9999,UNH,Mid Estuary,Mud and Sand,Multi Parameter Sonde,Multi Parameter Sonde,YSI EXO2,8/21/19
62,WHOI,CCCE / WHSG,MA,Yes,Scudders,41.710633,-70.322981,Barnstable Harbor,Boston - Barnstable,0,Mid,1.5,-9999,30.8,20,Mostly Sunny,1 or 2,0.5,14:00:00,26.77,1,30.61,1,-9999,8.36,7.93,1.5,4.3,-9999,-9999,-9999,-9999,2005.115,1,-9999,-9999,-9999,-9999,WHOI,Mid Estuary,Sand,Multi Parameter Sonde,Multi Parameter Sonde,YSI 6600,8/22/19
63,WHOI,Pleasant Bay Alliance,MA,Yes,PBA15,41.770385,-69.976167,Kescayogansett / Pleasant Bay,Boston,0,Mid,3.7,1,29,25,Partly Cloudy,1,0.15,9:10:00,25.2,1,30,1,-9999,7.11,-9999,-9999,-9999,-9999,-9999,-9999,-9999,2039.36,1,-9999,-9999,-9999,-9999,WHOI,Upper Estuary,mud,Refractometer,YSI55,YSI 55,3/19/19
64,WHOI,Aquacultural Research Corp,MA,Yes,ARC,41.728,-70.233,Chase Garden Creek,Sesuit Harbor,-9999,Mid,-9999,-9999,-9999,-9999,-9999,-9999,-9999,-9999,-9999,-9999,-9999,-9999,-9999,-9999,-9999,-9999,-9999,-9999,-9999,-9999,-9999,-9999,-9999,-9999,-9999,-9999,-9999,-9999,-9999,"Rocky, Silty, Sandy",-9999,Thermometer,-9999,-9999
65,WHOI,Aquacultural Research Corp,MA,Yes,ARC,41.728,-70.233,Chase Garden Creek,Sesuit Harbor,-9999,Mid,1,-9999,27.2,0,sunny,strong current,0.15,14:30:00,27.7,1,31,1,-9999,-9999,7.5,-9999,-9999,-9999,-9999,-9999,-9999,2048.375,1,-9999,-9999,-9999,-9999,WHOI,-9999,"Rocky, Silty, Sandy",-9999,Thermometer,-9999,-9999
66,WHOI,Nantucket Land Bank,MA,No,22 Tennessee Street,41.2761097,-70.1954005,Hither Creek,ECI Point,-9999,Mid,-9999,-9999,22,40,-9999,calm,0.15,7:50:00,27.22,1,22,1,-9999,-9999,-9999,-9999,-9999,-9999,-9999,-9999,-9999,1776.4,1,-9999,-9999,-9999,-9999,MIT,-9999,"Sandy, Silty",Refractometer,Thermometer,-9999,-9999
67,WHOI,Nantucket Natural Resources Dept.,MA,Yes,Head of Harbor,41.334722,-70.0175,Nantucket Harbor,Nantucket Harbor,0.5,Mid,5.4,5.5,24,75,Partly Cloudy,Calm,-9999,8:30:00,18.6,1,35.36,3,-9999,7.74,7.81,-9999,-9999,250.44,-9999,104,-9999,1893.82,1,-9999,-9999,-9999,-9999,WHOI,Upper Estuary,"Silt, Clay",Multi Parameter Sonde,Multi Parameter Sonde,Pro D55?,8/15/19
68,WHOI,Nantucket Land Council,MA,Yes,Station #3,41.2871,-70.1967,Madaket Harbor,Eel Point,0.5,Mid,2.1,2.1,22.77,20,Partly Cloudy,0,0.15,7:50:00,23.9,1,34,3,-9999,7.6,6.7,-9999,-9999,-9999,-9999,-9999,-9999,2051.97,1,-9999,-9999,-9999,-9999,WHOI,Lower Estuary,Sand,Refractometer,Multi Parameter Sonde,YSI ODO / Myron L,8/19/19
69,WHOI,Pond Watch,MA,Unknown,Childs R. Estuary,41.5806,-70.613833,Falmouth Estuaries,Falmouth Heights,0,Mid,1.27,-9999,29.44,5,Sunny,Calm,0.58,2:00:00,27.4,1,13.7,1,-9999,11.02,-9999,-9999,-9999,-9999,-9999,-9999,-9999,1084.73,1,-9999,-9999,-9999,-9999,WHOI,-9999,-9999,Multi Parameter Sonde,Multi Parameter Sonde,-9999,-9999
70,WHOI,Pond Watch,MA,Unknown,Green Pond,41.5622,-70.5684,Falmouth Estuaries,Falmouth Heights,0,Mid,1.2192,-9999,29.4444,10,windy,ok,0.5,13:20:00,28.6,1,26.7,1,-9999,7.57,-9999,-9999,-9999,-9999,-9999,-9999,-9999,1757.525,1,-9999,-9999,-9999,-9999,WHOI,Upper Estuary,-9999,Multi Parameter Sonde,Multi Parameter Sonde,-9999,-9999
71,WHOI,Woods Hole Sea Grant,MA,Yes,Mayo Beach,41.930278,-70.032778,Well Fleet Harbor,Boston,0,Mid,0.5,-9999,31,50,sunny,1,-9999,14:05:00,28.4,1,30.4,1,-9999,-9999,-9999,-9999,-9999,46.95,-9999,-9999,-9999,1956.692,1,-9999,-9999,-9999,-9999,WHOI,Coastal Ocean,Sand,Multi Parameter Sonde,Multi Parameter Sonde,Eco Sense EC300A,8/21/19
72,WHOI,Center for Coastal Studies,MA,-9999,-9999,41.993673,-70.050278,Pamet River,-9999,Very Light Rain,Mid,-9999,-9999,-9999,-9999,-9999,-9999,0.15,0:00:00,23,1,0.45,3,-9999,4.3,7.56,-9999,-9999,-9999,-9999,-9999,-9999,1233.095,1,-9999,-9999,-9999,-9999,WHOI,-9999,-9999,Multi Parameter Sonde,Multi Parameter Sonde,YSI Professional Plus,-9999
73,WHOI,Marine Biological Lab,MA,Yes,Rowley Field House,42.725174,-70.854903,Rowley River,NOAA 8441241,-9999,Mid,2,-9999,33,60,-9999,1,0.2,14:23:00,26,1,27.15,1,-9999,5.87,7.42,-9999,-9999,-9999,-9999,-9999,-9999,2053.16,1,-9999,-9999,-9999,-9999,WHOI,Mid Estuary,Mixed Mud / Rock,Multi Parameter Sonde,Multi Parameter Sonde,YSI 6600 Sonde,8/21/19
74,WHOI,Town of Mashpee DNR,MA,Yes,Mashpee Neck Landing,41.6,-70.46,Popponsett Bay,USGS 413601070275800,0,Mid,1.3,0.5,28,0,clear,-9999,0.2,14:30:00,29.02,1,27.37,1,-9999,9.2,-9999,-9999,-9999,42.74,-9999,5.75,-9999,1743.06,1,1737.31,1,-9999,-9999,MIT,-9999,-9999,-9999,-9999,-9999,-9999
75,WHOI,Town of Mashpee DNR,MA,Yes,Little River Town Dock,41.565,-70.51,Waquoit Bay,USGS 413601070275800,0,Mid,1.8,1,28,0,clear,-9999,0.2,14:00:00,27.56,1,29.5,1,-9999,7.96,-9999,-9999,-9999,45.64,-9999,2.18,-9999,1884.57,1,1882.39,1,-9999,-9999,MIT,-9999,-9999,-9999,-9999,-9999,-9999
76,WHOI,Center for Coastal Studies,MA,No,Rock Harbor Culvert,41.797,-69.992,Rock Harbor,Sesuit,None,Mid,0.2,bottom,28.8,10,sunny,0,0.1,13:35:00,27.9,1,12.75,1,-9999,6.47,8.38,-9999,-9999,-9999,-9999,-9999,-9999,1225.325,1,-9999,-9999,-9999,-9999,WHOI,Upper Estuary,Rocky / Sandy,Multi Parameter Sonde,Multi Parameter Sonde,YSI Pro Plus / Pro DSS,Spring 2019
77,WHOI,Center for Coastal Studies,MA,No,Sesuit Creek,41.7451,-70.1625,Sesuit Creek,Sesuit Harbor East Dennis Cape Cod Bay,None,Mid,1,-9999,30,5,sunny,0,0.15,13:35:00,23.2,1,26.13,1,-9999,7.48,7.71,-9999,-9999,-9999,-9999,-9999,-9999,1968.865,1,-9999,-9999,-9999,-9999,WHOI,Mid Estuary,Rock / Shell,Multi Parameter Sonde,Multi Parameter Sonde,YSI Pro Plus Model Pro10102030,Spring 2019
78,WHOI,Massachusetts Maritime Academy,MA,Yes,Taylor Point,41.741083,-70.625639,Buzzards Bay,"Cape Cod Canal, RR Bridge",0.25,Mid,6.8,2.2,23.7,100,Cloudy,1,0.15,10:47:00,20.2,1,31.09,1,-9999,7.32,8.22,-9999,-9999,-9999,-9999,-9999,-9999,2068.225,1,-9999,-9999,-9999,-9999,WHOI,Coastal Ocean,Rock / Mud,Multi Parameter Sonde,Multi Parameter Sonde,YSI Pro DSS,2/9/19
79,WHOI,BCWC,MA,Yes,South Cotuit Bay,41.615428,-70.428778,Cotuit Bay,-9999,None,Mid,3.5,1.7,28.6,50,partly sunny,2,0.16,14:50:00,27.6,1,27,1,-9999,8.44,-9999,-9999,-9999,-9999,-9999,-9999,-9999,1818.41,1,-9999,-9999,-9999,-9999,WHOI,Lower Estuary,Mud,Refractometer,Thermometer,-9999,-9999
80,WHOI,Island Creek Oysters,MA,Yes,Island Creek Oysters Dock,42.036732,-70.669609,Duxbury Bay,Duxbury Harbor #8446166,0.09,Mid,1.7,-9999,30.6,10,Sunny,1,0.15,13:59:00,24.9,1,25,1,-9999,-9999,7.78,-9999,-9999,-9999,-9999,-9999,-9999,2116.6,1,-9999,-9999,-9999,-9999,WHOI,-9999,Mud,Refractometer,Thermometer,N/A,N/A
81,WHOI,Martha's Vineyard Commission,MA,No,SKT 9,41.406382,-70.535341,Sengekontacket,OB Harbor,0,Mid,0.5,0.5,30.7,10,Sunny,4,0.2,14:11:00,28.7,1,26.98,1,-9999,7.72,8.25,-9999,-9999,-9999,-9999,117.9,-9999,1947.0642857143,1,-9999,-9999,-9999,-9999,WHOI,-9999,-9999,-9999,-9999,-9999,-9999
82,WHOI,Martha's Vineyard Commission,MA,No,MV 14,41.45719,-70.56195,Oak Bluffs Harbor,OB Harbor,0,Mid,1,1,26.9,10,Sunny,3,0.5,13:45:00,24.8,1,31.5,1,-9999,7.91,8.25,-9999,-9999,-9999,-9999,113.4,-9999,1962.41,1,-9999,-9999,-9999,-9999,WHOI,-9999,-9999,-9999,-9999,-9999,-9999
83,WHOI,Martha's Vineyard Shellfish Group,MA,Yes,Weaver Lane Dock,41.440556,-70.61,Lagoon Pond,Vineyard Haven,-9999,Mid,2.9,2.5,-9999,0,Sunny,Calm,0.2,13:50:00,25,1,-9999,-9999,-9999,-9999,-9999,-9999,-9999,-9999,-9999,-9999,-9999,1970.555,1,-9999,-9999,-9999,-9999,WHOI,Mid Estuary,"Sand, Cobble, Macro Algae",Refractometer,Thermometer,-9999,-9999
84,WHOI,Wampanoag Tribe of Gay Head (Aquinnah),MA,Yes,M44,41.332708,-70.766419,Meneshma Pond,Meneshma Harbor,0.1,Mid,4.6,3.4,25.56,20,Mostly Sunny,1,0.3,10:12:00,22.73,1,33.55,1,-9999,11.28,7.91,-9999,-9999,-9999,-9999,-9999,-9999,2088.25,1,-9999,-9999,-9999,-9999,MIT,Lower Estuary,Sand,Multi Parameter Sonde,Multi Parameter Sonde,YSI EXO2,DO cal on 8/22/2019 othters cal on 8/21/2019
85,WHOI,Buzzards Bay Coalition,MA,Unknown,NB2,41.639146,-70.911349,Inner New Bedford Harbor,New Bedford,0,Mid,2.9,1.65,25.56,80,Partly Cloudy,calm,0.15,9:20:00,25.48,1,30.46,1,-9999,5.03,7.73,-9999,4.2,-9999,-9999,72,-9999,2011.01,1,-9999,-9999,-9999,-9999,WHOI,Mid Estuary,Unknown,Multi Parameter Sonde,Multi Parameter Sonde,"YSI 6600, Prod DSS YSI",-9999
86,WHOI,Buzzards Bay Coalition,MA,Yes,WR2X,41.75299,-70.708553,Wareham River,Onset Beach,-9999,Mid,2.75,1.4,24.1,80,Mostly Cloudy,1,0.15,10:26:00,26.6,1,21.29,1,-9999,5.48,7.87,-9999,-9999,-9999,-9999,-9999,-9999,1514.685,1,-9999,-9999,-9999,-9999,WHOI,Upper Estuary,Eelgrass,Multi Parameter Sonde,Multi Parameter Sonde,YSI Pro DSS,-9999
87,WHOI,Buzzards Bay Coalition,MA,Yes,WF2,41.608661,-70.63719,West Falmouth Harbor,"W. Falmouth Harbor, #8447685",0.05,Mid,0.97,-9999,-9999,100,Overcast,1,0.14,10:08:00,24.74,1,19.55,1,-9999,7.65,7.72,3.35,-9999,-9999,-9999,103,-9999,1608.455,1,-9999,-9999,-9999,-9999,WHOI,Upper Estuary,Mud / Algae,Multi Parameter Sonde,Multi Parameter Sonde,In Situ Aqua TROLL 500,8/21/19
1,MIT,Cohasset Center for Student Coastal Research,MA,Yes,Sailing Club Docks,42.239357,-70.788614,Cohasset Harbor,Whithead,Trace,High,4.5,2,29.2,25,Mostly Sunny,1,0.3,16:30:00,20.2,1,31.01,1,-9999,10.94,8.41,-9999,-9999,-9999,-9999,-9999,-9999,2096.58,1,2094.11,1,-9999,-9999,MIT,Coastal Ocean,Unknown,Multi Parameter Sonde,Multi Parameter Sonde,YSI Pro Plus,8/22/19
2,MIT,NSRWA,MA,Unknown,Damon's Point,42.160315,-70.732676,North River,-9999,"0""",High,4.5,2.5,30,40,Sunny,0,0.15,16:54:00,16.8,1,29.6,1,-9999,8.96,-9999,-9999,-9999,36.57,-9999,-9999,-9999,2116.6,1,2118.22,1,-9999,-9999,MIT,Mid Estuary,Mud,Multi Parameter Sonde,Multi Parameter Sonde,YSI-85,-9999
3,MIT,Neponset River Watershed Association,MA,No,Granite Ave Bridge,42.277615,-71.053393,Neponset River,usharbors.com,"0.09""",High,-9999,1.25,34,25,Mostly Sunny,1,0.15,16:39:00,26,1,26,1,-9999,8.93,-9999,-9999,-9999,-9999,-9999,-9999,-9999,1517.97,1,1517.6,1,-9999,-9999,MIT,Mid Estuary,Mud,Refractometer,Thermometer,YSI-85,Unknown
4,MIT,US EPA,MA,No,Peddocks Island,42.29883,-70.926622,Boston Harbor,-9999,-9999,High,-9999,-9999,34,40,Sunny,Calm,0.5,15:48:00,22,1,30,1,-9999,-9999,-9999,-9999,-9999,-9999,-9999,-9999,-9999,2122.73,1,2106.83,1,-9999,-9999,MIT,-9999,-9999,-9999,-9999,-9999,-9999
5,MIT,New England Aquarium,MA,Yes,NEAQ,42.358889,-71.048611,Boston Harbor,#8443970,Trace,High,-9999,1.7,30.56,15,Sunny,1,0.2,16:45:00,20,1,24.8,1,-9999,-9999,8.15,-9999,-9999,-9999,756.4,-9999,-9999,2063.48,1,2062.41,1,-9999,-9999,MIT,Coastal Ocean,-9999,-9999,-9999,-9999,-9999
6,Northeastern,EPA Region 1,MA,Yes,"Pavilion Beach, Gloucester",42.60955,-70.668467,Gloucester Harbor,Boston,None,High,0.79,-9999,-9999,20,Mostly Sunny,2,0.2,16:20:00,22.79,1,31.4,1,-9999,-9999,-9999,-9999,-9999,-9999,-9999,-9999,-9999,2090.48,1,2096.37,3,-9999,-9999,MIT,Coastal Ocean,"Sand, Cobble",Multi Parameter Sonde,Multi Parameter Sonde,YSI EXO 1,8/20/19
7,Northeastern,Salem Sound Coastal Watch / Swampscott Conservancy,MA,Yes,Fishermen's Beach,42.46623,-70.909868,Nahant Bay,Lynn Harbor,"<1""",High,4.6,2.16,30.5,40,Mostly Sunny,2,0.15,16:24:00,22.5,1,31,1,-9999,-9999,-9999,-9999,-9999,-9999,-9999,-9999,-9999,2108.89,1,2111.89,1,-9999,-9999,MIT,Coastal Ocean,Eelgrass Bed,Refractometer,Thermometer,-9999,-9999
8,Northeastern,EPA Region 1,MA,Yes,Conomo Point,42.65144,-70.744575,Essex Bay,Boston,-9999,High,3.1,2.35,-9999,5,Mostly Sunny,1,0.2,16:55:00,18.13,1,31.5,1,-9999,-9999,-9999,-9999,-9999,-9999,-9999,-9999,-9999,2098.59,1,2100.78,1,-9999,-9999,MIT,Mid Estuary,Sand,Multi Parameter Sonde,Multi Parameter Sonde,YSI EXO 1,8/20/19
9,Northeastern,Salem Sound Coastal Watch,MA,Yes,Forest River Park,42.50756,-70.883188,Salem Harbor,Boston,-9999,High,3,-9999,32,50,Mostly Sunny,0,-9999,16:26:00,21,1,30,1,-9999,-9999,7.6,-9999,-9999,-9999,-9999,-9999,-9999,2120.15,1,2121.85,1,-9999,-9999,MIT,Lower Estuary,"Sand, Lg Rocks",Refractometer,Thermometer,Corning 308,8/21/19
10,Northeastern,Salem Sound Coastal Watch,MA,Yes,Beverly Public Pier,42.539735,-70.885851,Beverly Harbor,Boston,".05""",High,7.1,2,31,10,Sunny,1,0.16,16:30:00,19.5,1,30,1,-9999,-9999,8.14,-9999,-9999,-9999,-9999,-9999,-9999,2103.34,1,2108.13,1,-9999,-9999,MIT,Lower Estuary / Coastal Ocean,"Coarse Mud, River Bed",Refractometer,-9999,Accumet AP 115 for temp and pH,1st 8/21/2019. 2nd 8/22/2019
11,Northeastern,Salem Sound Coastal Watch,MA,-9999,Manchester Town Hall,42.574622,-70.772902,Manchester Inner Harbor,-9999,-9999,High,3.16,1.7,30,10,Mostly Sunny,Calm,0.18,16:44:00,24,1,25,1,-9999,-9999,7.97,-9999,-9999,-9999,-9999,-9999,-9999,1937.46,3,1994.61,3,-9999,-9999,MIT,Mid Estuary,Mud,Refractometer,Thermometer,Goodes ATC Refractometer,8/21/19
12,UCONN,CUSH,CT,-9999,Wequetequock Cove Head,41.358333,-71.880278,Wequetequock Cove,Stonington Harbor,"0""",High,1.5,-9999,28.88,5,Sunny,1,0.15,13:45:00,29.2,1,5,1,-9999,7.7,-9999,-9999,-9999,-9999,-9999,-9999,-9999,-166.8,2,-119.2,2,-9999,-9999,UCONN,Upper Estuary,Mud,Refractometer,Thermometer,-9999,-9999
13,UCONN,Harbor Watch,CT,Yes,Copps Island Oysters,41.096272,-73.405146,"Norwalle Harbor, CT",S. Norwalk 8468448,"0.01""",High,4.95,0.965,31,55,Partly Cloudy,1,0.15,16:47:00,28.7,1,23.87,1,-9999,8.52,7.85,-9999,-9999,-9999,-9999,-9999,-9999,1849.3,1,1841.5,1,-9999,-9999,UCONN,Mid Estuary,Mud,Multi Parameter Sonde,Accuweather,YSI Pro Plus,8/21/19
14,UCONN,New England Science and Sailing,CT,No,STO-0-07,41.33125,-71.90955,Stonington Harbor,New London 8461490,"0.11""",High,4.8,1.5,25,30,Sunny,2,0.5,14:33:00,23.52,1,30.23,1,-9999,7.82,-9999,-9999,-9999,-9999,-9999,-9999,-9999,2053.8,1,2048.2,1,-9999,-9999,UCONN,Lower Estuary,Unknown,Multi Parameter Sonde,Multi Parameter Sonde,Eureka MT 01183167,8/15/19
15,UCONN,Setauket Harbor Task Force,NY,Yes,Poquott Dock,40.95345,-73.08139,Port Jefferson Harbor,Eldridge?,".28""",High,3.2,-9999,32.22,10,Sunny,Calm,0.0015,16:30:00,25.47,1,26.69,1,-9999,-9999,-9999,-9999,-9999,-9999,-9999,-9999,-9999,1916.8,1,-9999,-9999,-9999,-9999,UCONN,Mid Estuary,Sand and Mud,Multi Parameter Sonde,Multi Parameter Sonde,Eureka Manta,8/9/19
16,UCONN,Derecktor Shipyards,NY,Unknown,MAM-03,40.94838,-73.73016,"Mamaroneck River, East Basin",-9999,"0.01""",High,4.9,-9999,31.11,80,Cloudy,Calm,0.15,15:56:00,27,1,23.13,1,-9999,5.97,-9999,-9999,-9999,-9999,-9999,-9999,-9999,1932.4,1,1931,1,-9999,-9999,UCONN,Upper Estuary,Unknown,Multi Parameter Sonde,Multi Parameter Sonde,MT 04172708,8/22/19
17,UCONN,Interstate Environmental Commisson,NY,-9999,9-412,40.82,-73.7135,Manhasset Bay,"Kings Point, NY",".35""",High,-9999,-9999,-9999,-9999,-9999,-9999,-9999,-9999,-9999,-9999,-9999,-9999,-9999,-9999,-9999,-9999,-9999,-9999,-9999,-9999,-9999,-9999,-9999,-9999,-9999,-9999,-9999,-9999,-9999,Unknown,Multi Parameter Sonde,Multi Parameter Sonde,YSI EXO 1,8/21/19
18,UCONN,Save the Sound,NY,Yes,Rye City Boat Basin,40.95766,-73.68969,"Milton Harbor, NY",NOAA 8518490,-9999,High,3.8,-9999,31.67,55,Mostly Sunny,1,0.1,15:41:00,28.63,1,21.44,1,-9999,12.5,-9999,4.5,-9999,-9999,-9999,-9999,-9999,1971.6,1,1970.2,1,-9999,-9999,UCONN,Upper Estuary,Unknown,Multi Parameter Sonde,Multi Parameter Sonde,YSI EXO 1,8/21/19
19,EPA,Salt Ponds Coalition,RI,Yes,Gardner Island,41.407817,-71.50825,Point Judith Pond,-9999,Brief,High,3.3,1.7,22.22,75,Partly Sunny,Moderate,0.15,12:33:00,27.5,1,32,1,-9999,-9999,-9999,-9999,-9999,-9999,-9999,-9999,-9999,1959,1,1969.45,1,1969.05,1,EPA,Upper Estuary,Mud,Refractometer,Thermometer,-9999,-9999
20,EPA,CGSP,RI,Yes,-9999,41.202976,-71.588695,"Great Salt Pond, Block Island",-9999,"1""",High,1.7,1.7,24.44,100,Overcast,2,0.15,7:50:00,21.7,1,29.8,1,-9999,6.12,-9999,-9999,-9999,-9999,-9999,-9999,-9999,2071.1,1,2072.55,1,-9999,-9999,EPA,"Upper, Mid, and Coastal",-9999,-9999,-9999,-9999,4/19/19
21,EPA,Save Bristol Harbor,RI,-9999,Windmill Point,41.677778,-71.278889,Bristol Harbor,Newport,-9999,High,3.3,-9999,26,50,Partly Cloudy,2,0.2,13:15:00,26.8,1,30.2,1,-9999,-9999,-9999,-9999,-9999,-9999,-9999,-9999,-9999,1963.85,1,1954.2,1,1950.95,1,EPA,-9999,-9999,-9999,-9999,-9999,-9999
22,EPA,URI Watershed Watch,RI,Yes,NR10 Sprague Bridge,41.448801,-71.449757,Pettasquamscutt River,Newport,-9999,High,0.7,-9999,34,-9999,-9999,-9999,0.2,13:30:00,25,1,30,1,-9999,-9999,-9999,-9999,-9999,-9999,-9999,-9999,-9999,2048.3,1,2048.35,1,-9999,-9999,EPA,Lower Estuary,Sand,Refractometer,Thermometer,-9999,-9999
23,EPA,Save the Bay,RI,No,Viking Manor,41.3674,-71.834817,Pawcatuck River,Pawcatuck River,"0.07""",High,-9999,-9999,-9999,-9999,-9999,-9999,-9999,-9999,-9999,-9999,-9999,-9999,-9999,-9999,-9999,-9999,-9999,-9999,-9999,-9999,-9999,-9999,-9999,-9999,-9999,-9999,-9999,-9999,Upper Estuary,Mud,Refractometer,Thermometer,-9999,-9999
24,EPA,Salt Ponds Coalition,RI,Yes,Beef Island,41.395896,-71.512369,Point Judith Central Pond,-9999,-9999,High,-9999,-9999,-9999,-9999,-9999,-9999,-9999,-9999,-9999,-9999,-9999,-9999,-9999,-9999,-9999,-9999,-9999,-9999,-9999,-9999,-9999,-9999,-9999,-9999,-9999,-9999,-9999,-9999,Lower Estuary,Sand,-9999,Thermometer,-9999,-9999
25,EPA,EPA,RI,No,Bets Station 4,41.598333,-71.381667,Narragansett Bay,"# 8454049 Quonset Point, RI",None,High,33.9,3.5,19.44,75,Just after storm,2,30.8,13:25:00,24.3,1,32.6,1,-9999,7.59,7.99,-9999,-9999,-9999,-9999,110,-9999,1912.7,1,1921.55,1,-9999,-9999,EPA,Mid Estuary,Unknown,Multi Parameter Sonde,Multi Parameter Sonde,YSI Professional Plus,8/20/19
26,EPA,EPA,RI,No,Bets Station 7,41.566633,-71.310917,Narragansett Bay,"# 8454049 Quonset Point, RI",None,High,58.7,2.8,23.88,10,Sunny,2,0.15,12:54:00,23.6,1,33.63,1,-9999,9.1,8.1,-9999,-9999,-9999,-9999,131,-9999,1999.55,1,2001.95,1,-9999,-9999,EPA,Mid Estuary,Unknown,Multi Parameter Sonde,Multi Parameter Sonde,YSI Professional Plus,8/20/19
27,Bowdoin,Maine Maritime Academy,ME,Unknown,Station 2 Gravel Island,44.439367,-68.729117,Bagaduce River,Castine,"1.25""",High,8.1,7,22.7,50,Slightly Cloudy,0-1,0.15,16:50:00,19.6,1,20.6,1,-9999,-9999,-9999,-9999,-9999,-9999,-9999,-9999,-9999,1962.2,1,1955.1,1,-9999,-9999,BOWDOIN,Mid Estuary,-9999,Multi Parameter Sonde,Multi Parameter Sonde,YSI 30/25 FT,Not Known
28,Bowdoin,Maine Maritime Academy,ME,Unknown,Station 1 Negro Island,44.401775,-68.773142,Bagaduce River,Castine,"1.25""",High,12.6,1.5,23.2,50,Slightly Cloudy,0-1,0.15,16:34:00,17.1,1,20,1,-9999,-9999,-9999,-9999,-9999,-9999,-9999,-9999,-9999,1866,1,1872.3,1,-9999,-9999,BOWDOIN,Lower Estuary,-9999,Multi Parameter Sonde,Multi Parameter Sonde,YSI 30/25 FT,Not Known
29,Bowdoin,UMaine Machias,ME,-9999,Rim Bridge,44.70844,-67.45865,Machias Bay,Machias Port,"0.25""",High,1,-9999,-9999,5,Clear,Calm,0.5,18:00:00,22.3,1,15,1,-9999,-9999,7.72,-9999,-9999,-9999,-9999,-9999,-9999,944.1780922,2,917.1,-9999,-9999,-9999,"UNH (57), BOWDOIN (58)",-9999,Mud,Refractometer,Thermometer,HI 99121 pH Meter,8/22/19
30,Bowdoin,Casco Bay Estuary Partneryship,ME,Yes,Walton Park,43.716897,-70.263897,Presumpscot River,Presumpscot River Bridge 8418137,"1.91""",High,-9999,-9999,29,45,Partly Cloudy,Calm,0.15,16:35:00,24.6,1,0.14,1,-9999,-9999,-9999,-9999,-9999,-9999,-9999,-9999,-9999,245.5,1,247.9,3,-9999,-9999,BOWDOIN,Upper Estuary,Mud,Multi Parameter Sonde,Multi Parameter Sonde,YSI / EXO1 Multiparameter sonde,May
31,Bowdoin,Maine DEP,ME,No,Fort Gorges,43.66222,-70.22639,Portland Harbor,Portland 8418150,"1.88""",High,15.7,3.2,26.7,50,Partly Sunny,3,0.1,16:05:00,18.59,1,29.97,1,-9999,9.22,7.94,0.01,-9999,-9999,-9999,117.9,-9999,2019.2,1,2018.3,3,-9999,-9999,BOWDOIN,Lower Estuary,Rock / Mud,Multi Parameter Sonde,Multi Parameter Sonde,YSI 6600 V2,8/2/19
32,Bowdoin,Maine DEP,ME,No,CBPR,43.6799,-70.2374,Presumpscot River,Portland 8418150,"1.88""",High,3.5,2.8,26.7,50,Partly Sunny,2,0.1,16:20:00,18.58,1,29.4,1,-9999,9.26,8.09,0.01,-9999,-9999,-9999,118,-9999,2001.7,1,2003.9,1,-9999,-9999,BOWDOIN,Mid Estuary,Sand,Multi Parameter Sonde,Multi Parameter Sonde,YSI 6600 V2,8/2/19
33,Bowdoin,Maine DEP,ME,No,PR-28,43.69068,-70.24637,Presumpscot River,Portland 8418150,"1.88""",High,9.6,2.1,26.7,50,Partly Sunny,1,0.1,16:32:00,20.56,1,26.35,1,-9999,9.38,8.12,0.7,-9999,-9999,-9999,121.8,-9999,1821.4,1,1823.1,1,-9999,-9999,BOWDOIN,Mid Estuary,"Silt, Sand",Multi Parameter Sonde,Multi Parameter Sonde,YSI 6600 V2,8/2/19
34,Bowdoin,Maine DEP,ME,No,PR-17,43.70563,-70.24664,Presumpscot River,Portland 8418150,"1.88""",High,4.7,0.8,26.7,50,Partly Sunny,2,0.1,16:40:00,25.36,1,8.99,1,-9999,10.65,8.47,7.2,-9999,-9999,-9999,136.5,-9999,-9999,-9999,-9999,-9999,-9999,-9999,-9999,Upper Estuary,"Silt, Sand",Multi Parameter Sonde,Multi Parameter Sonde,YSI 6600 V2,8/2/19
35,Bowdoin,Friends of Casco Bay,ME,Yes,"FOCB, Curtis Island CMS",43.75199,-70.139262,Casco Bay,US Harbors,"1.91""",High,3.8,-9999,26,50,Partly Sunny,3,0.1,16:00:00,18,1,30.98,1,-9999,10,8.03,-9999,7.1,-9999,-9999,127.7,-9999,2076.798784,3,2080.481366,1,-9999,-9999,UNH,Coastal Ocean,Clay / Mud,Multi Parameter Sonde,Multi Parameter Sonde,EXO YSI 2,8/8/19
36,Bowdoin,Shaw Institute,ME,Yes,Peters Cove,44.4116911,-68.5700354,Blue Hill Bay,Blue Hill Harbor 8414112,"0.91""",High,0.7,-9999,26.7,50,Mostly Sunny,1,0.15,16:17:00,24.9,1,5.01,1,-9999,10.08,7.7,0.47,2.58,-9999,-9999,-9999,-9999,543.6,3,411.5,3,-9999,-9999,BOWDOIN,Coastal Ocean,"Mud, Rock, Algae",Multi Parameter Sonde,Multi Parameter Sonde,YSI EXO2,8/19/19
37,Bowdoin,Shaw Institute,ME,Yes,Kollegewidgwok Yacht Club,44.409867,-68.564883,Blue Hill Bay,Blue Hill Harbor 8414112,"0.91""",High,4.41,-9999,28.5,50,Partly Cloudy,1,0.15,16:33:00,20.8,1,30.06,1,-9999,10.4,7.96,0.31,3.07,-9999,-9999,-9999,-9999,2036.4,1,2041.4,1,-9999,-9999,BOWDOIN,Coastal Ocean,Sampled from dock,Multi Parameter Sonde,Multi Parameter Sonde,YSI EXO2,8/19/19
38,UNH,Belfast Bay Watershed Coalition,ME,No,Belfast Breakwater,44.429044,-69.003054,Belfast Bay,Bar Harbor,"1.09""",High,6.1,-9999,26,40,Sunny,1' waves,Surface,16:10:00,22,1,32,3,24.543,11.43,8.38,-9999,-9999,33.7,-9999,-9999,-9999,1660.4,2,1636.33051,3,-9999,-9999,UNH,Lower Estuary,Hard Mud,Refractometer,-9999,Hach HG40D,Approx. 8/1/2019
39,UNH,Bigelow,ME,No,Bigelow Dock,43.860475,-69.578262,Damariscotta River,Boothbay Harbor,"1.17""",High,12.5,-9999,22.77,35,Sunny,Calm,0.15,16:30:00,16.1,1,28.7,1,-9999,10.83,-9999,-9999,-9999,-9999,-9999,-9999,-9999,2108.3828,3,2087.517343,3,-9999,-9999,UNH,Lower Estuary,Sand and Soft Sed.,Multi Parameter Sonde,Multi Parameter Sonde,Hach HQ40D,7/1/19
40,UNH,BRLT,ME,Yes,BIO,43.88557,-69.588952,Damariscotta River,Boothbay Harbor,".7""",High,6.2,2.5,24.5,25,Breezy,2,0.1,16:20:00,17.4,1,31.8,1,-9999,6.86,7.86,-9999,-9999,-9999,-9999,-9999,-9999,2111.010815,3,2135.871550934,3,-9999,-9999,UNH,Mid Estuary,Sandy,Multi Parameter Sonde,Multi Parameter Sonde,Extech EC170,6/4/19
41,UNH,BRLT,ME,Yes,Newagen (B5),43.78627,-69.65526,Newagen Harbor,Boothbay Harbor,".50""",High,4.3,4.3,-9999,20,Mostly Sunny,1,0.15,16:29:00,20.8,1,31.1,1,-9999,7.09,8.01,-9999,-9999,-9999,-9999,-9999,-9999,2096.861844,2,2121.750691,3,-9999,-9999,UNH,Coastal Ocean,Mud,Multi Parameter Sonde,Multi Parameter Sonde,Extech EC170,6/4/19
42,UNH,Downeast Institute,ME,Yes,DFI,44.4805,-67.5968,Black Duck Cove,Steele Harbor Island,"0.4""",High,5.8,3.6,19,100,Overcast,2,0,15:56:00,15.4,1,33,1,32.076,8.44,8.04,-9999,-9999,-9999,-9999,-9999,-9999,2157.24223,3,2157.408675,1,-9999,-9999,UNH,Coastal Ocean,Sand,Refractometer,HANNA pHep,HANNA pHep,8/22/19
43,UNH,Kennebec Estuary Land Trust,ME,Yes,Fort Popham,43.754249,-69.783699,Kennebec Estuary,"Hunniwell Point, Maine","0.37""",High,0.5,2.1,24,40,Partly Sunny,2,0.15,16:37:00,16.1,1,29.5,1,-9999,8.2,7.92,-9999,-9999,-9999,-9999,-9999,-9999,2045.015652,3,2066.276634,3,-9999,-9999,UNH,Lower Estuary,Sand,Hanna Meter,Hanna Meter,Salinity & Temp: HANNA Meter HI98319. pH: HANNA pHep Meter HI98128,8/22/19
44,UNH,Maine Maritime Academy,ME,Yes,"Station 3, Upper Bagaduce",44.397867,-68.705433,Bagaduce River,Castine,"1.25""",High,-9999,-9999,24.4,40,"Sunny, Calm",Smooth Wavelet,0.5,17:30:00,21,1,26.9,1,-9999,-9999,-9999,-9999,-9999,-9999,-9999,-9999,-9999,1819.962295,3,1763.404852,3,-9999,-9999,UNH,Upper Estuary,-9999,Multi Parameter Sonde,Multi Parameter Sonde,YSI Pro 30,Not Known
45,UNH,MCOA,ME,Yes,(MCOA) DAM6,44.032217,-69.533583,Damariscotta River,Newcastle,Heavy,High,4.6,1.3,27,15,Mostly Sunny,Slight,0.15,16:49:00,25.66,1,28.7,1,-9999,8.19,7.83,-9999,-9999,-9999,-9999,-9999,-9999,-9999,-9999,1839.254247,3,-9999,-9999,UNH,Mid Estuary,Rocky / Mud,Multi Parameter Sonde,Multi Parameter Sonde,Manta 2 Sub 3 (Unit 07151970),8/22/19
46,UNH,Mook Sea Farm,ME,Yes,Mook Sea Farm,43.976725,-69.592308,Damariscotta River,"Walpole, Maine","1 - 2 """,High,4,-9999,25.4,20,Mostly Sunny,2,0.15,16:34:00,19.7,1,30.2,1,-9999,9.32,7.81,-9999,-9999,-9999,-9999,-9999,-9999,2041.027242,3,2061.474937,3,-9999,-9999,UNH,Upper Estuary,Mud w/ Rocks and Shells,Multi Parameter Sonde,Multi Parameter Sonde,YSI EcoSense EC300A,Factory - 8/18/2019
47,UNH,Rockport Conservation Commission,ME,Unknown,RO,44.15795,-69.0534,Penobscot Bay,8415490,".69""",High,26,3.7,24,30,Partly Cloudy,2,0.1,16:20:00,19.48,1,29.55,1,-9999,9.16,8.2,-9999,-9999,-9999,-9999,-9999,-9999,2008.555682,1,2013.275187,1,-9999,-9999,UNH,-9999,-9999,-9999,-9999,-9999,8/22/19
48,UNH,Rockport Conservation Commission,ME,Unknown,RH-3,44.17763,-69.06852,Rockport Harbor,8415490,".69""",High,19.3,2.9,24,30,Partly Cloudy,2,0.1,16:03:00,21.04,1,29.3,1,-9999,9.21,8.22,-9999,-9999,-9999,-9999,-9999,-9999,1994.252631,1,1992.912156,3,-9999,-9999,UNH,Lower Estuary,Unknown,Multi Parameter Sonde,Multi Parameter Sonde,Eureka Manta 2,8/22/19
49,UNH,Rockport Conservation Commission,ME,Unknown,RH-1,44.185,-69.07313,Rockport Harbor,8415490,".69""",High,6.5,2,24,30,Partly Cloudy,2,0.1,15:51:00,22.23,1,26.56,1,-9999,9.09,8.21,-9999,-9999,-9999,-9999,-9999,-9999,1888.878496,1,1890.191596,1,-9999,-9999,UNH,Upper Estuary,Unknown,Multi Parameter Sonde,Multi Parameter Sonde,Eureka Manta 2,8/22/19
50,UNH,Earthwatch / Schoodic Institute,ME,-9999,Winter Harbor / Frenchman Bay,44.425217,-68.0818,Winter Harbor,8413079,".60""",High,6.2,-9999,18.8,40,Partly Cloudy,Slight,0.1,16:00:00,18.5,1,34,3,31.78,-9999,8.59,-9999,-9999,-9999,-9999,-9999,-9999,2133.705541,1,2150.408587,1,-9999,-9999,UNH,Coastal Ocean,Sand / Mud / Rubble,Refractometer,Thermometer,Oakton pH610,8/21/19
51,UNH,SMART,ME,Yes,Mill Cove,45.06,-67.11,Passamaquaddy Bay,-9999,".16""",High,-9999,-9999,18.4,20,Sunny,Smooth,0.15,16:40:00,18,1,36.727,3,-9999,9.39,7.63,1.5,-9999,-9999,-9999,-9999,-9999,2006.756836,3,2055.080029,3,-9999,-9999,UNH,-9999,-9999,-9999,-9999,-9999,-9999
52,UNH,SMART,ME,Yes,Gleason's Cove,44.975278,-67.054167,Passamaquaddy Bay,-9999,".16""",High,5.42,-9999,18.4,20,Sunny,Smooth,0.15,16:10:00,15.7,1,35.882,3,-9999,9.48,7.66,1.55,-9999,-9999,-9999,-9999,-9999,2102.717003,1,2108.380364,1,-9999,-9999,UNH,-9999,-9999,-9999,-9999,-9999,-9999
53,UNH,UMaine Machias,ME,No,Fort O'Brien,44.68603,-67.39633,Machias Bay,Machias Port,0.25,High,1.2,-9999,18.8,10,Clear,calm,0.9,17:30:00,19.1,1,30,1,27.574,-9999,7.94,-9999,-9999,-9999,-9999,-9999,-9999,1869.1835406059,3,-9999,-9999,-9999,-9999,UNH,Coastal Ocean,Mud,Refractometer,Thermometer,HI 99121 pH Meter,8/22/19
54,UNH,UMaine Machias,ME,-9999,Rim Bridge,44.70844,-67.45865,Machias Bay,Machias Port,0.25,High,1,-9999,-9999,5,Clear,Calm,0.5,18:00:00,22.3,1,15,1,12.929,-9999,7.72,-9999,-9999,-9999,-9999,-9999,-9999,944.1780922337,2,917.05,-9999,-9999,-9999,"UNH (57), BOWDOIN (58)",-9999,Mud,Refractometer,Thermometer,HI 99121 pH Meter,8/22/19
55,UNH,University of New England,ME,Yes,Goose Rocks Beach,43.392961,-70.422203,Goosefare Bay,"Cape Porpoise, ME",Trace,High,0.7,-9999,25.3,75,sunny,2,0.7,16:40:00,20.6,1,31,1,30.857,8.42,-9999,-9999,-9999,-9999,-9999,-9999,-9999,2126.1763072549,1,2126.0718950363,1,-9999,-9999,UNH,Coastal Ocean,Sand,Multi Parameter Sonde,Multi Parameter Sonde,-9999,8/22/19
56,UNH,UNH Marine Docents,NH,No,Great Bay,43.072222,-70.8694444444,Great Bay,"Portland, ME",0.1,High,7.6,2.6,23.6,80,Partly Cloudy,1,0.2,19:05:00,22.43,1,28.74,1,-9999,8.14,7.99,1.4,-9999,44.45,-9999,110.8,-9999,1919.352562272,3,1921.881947044,1,-9999,-9999,UNH,Mid Estuary,Mud,Multi Parameter Sonde,Multi Parameter Sonde,YSI EXO2,8/21/19
57,UNH,UNH Marine Docents,NH,No,Newmarket Marine,43.07997,-70.934621,Lamprey River,"Portland, ME",0.25,High,3.3,2.1,28.8,50,Fair,1,0.3,18:36:00,25,1,3.8,1,-9999,7.89,7.4,1.22,-9999,6.94,-9999,98.4,-9999,533.7568630566,3,531.5837252054,1,-9999,-9999,UNH,Upper Estuary,Mud and Rock,Refractometer,Thermometer,-9999,-9999
58,UNH,UNH Marine Docents,NH,Yes,Upper Little Bay,43.10738,-70.86337,Little Bay,"Portland, ME",0.1,High,4.6,2.6,28.3,50,Partly Cloudy,1,-9999,18:10:00,21.6,1,28.88,1,-9999,7.89,8.95,1.99,-9999,44.62,-9999,106,-9999,1933.4787149089,3,1923.5306214609,1,-9999,-9999,UNH,Mid Estuary,Mud and Shell,Multi Parameter Sonde,Multi Parameter Sonde,EXO2 YSL,8/21/19
59,UNH,UNH Marine Docents,NH,No,UNH Boat House,43.135139,-70.910583,Oyster River,-9999,0.25,High,2.6,1,30,10,fair,1,0.3,17:45:00,28,1,17.75,1,-9999,11.58,8.21,4.35,-9999,28.88,-9999,164.4,-9999,1486.3884222475,3,1488.5017707151,3,-9999,-9999,UNH,Upper Estuary,Mud,Refractometer,Thermometer,-9999,-9999
60,UNH,UNH Marine Docents,NH,No,Squamscott River,43.041667,-70.922222,"Great Bay, Squamscott River",NOAA Logs for Squamscott River Bridge,0.1,High,4.5,1.9,28,70,Partly Cloudy,0,0.2,18:50:00,24.78,1,27.58,1,-9999,9.53,8.08,2.15,-9999,42.89,-9999,134.4,-9999,1848.9781217376,3,1847.8714311652,3,-9999,-9999,UNH,Upper Estuary,Mud,Multi Parameter Sonde,Multi Parameter Sonde,EXO2 YSL,8/21/19
61,UNH,UNH,NH,Yes,Hampton,42.9241,-70.8379,Hampton River,"Portland, ME",0.1,High,3.75,1,23,10,clear,0,0.15,17:00:00,20.34,1,30.4,1,-9999,10.64,8.15,1.4,-9999,46.71,-9999,140.8,-9999,2109.4211843687,1,2111.8149155678,1,-9999,-9999,UNH,Mid Estuary,Mud and Sand,Multi Parameter Sonde,Multi Parameter Sonde,YSI EXO2,8/21/19
62,WHOI,CCCE / WHSG,MA,Yes,Scudders,41.710633,-70.322981,Barnstable Harbor,Boston - Barnstable,0,High,1.5,-9999,31.1,20,Mostly Sunny,1 or 2,0.2,16:50:00,24.73,1,31.13,1,-9999,8.27,7.95,0,7.8,-9999,-9999,-9999,-9999,2081.3,1,2085.86,1,-9999,-9999,WHOI,Mid Estuary,Sand,Multi Parameter Sonde,Multi Parameter Sonde,YSI 6600,8/22/19
63,WHOI,Pleasant Bay Alliance,MA,Yes,PBA15,41.770385,-69.976167,Kescayogansett / Pleasant Bay,Boston,0,High,4.17,1.06,24,25,Partly Cloudy,1,0.15,6:14:00,24.9,1,30,1,-9999,4.83,-9999,-9999,-9999,-9999,-9999,-9999,-9999,2001.57,1,2004.37,1,-9999,-9999,WHOI,Upper Estuary,mud,Refractometer,YSI55,YSI 55,3/19/20
64,WHOI,Aquacultural Research Corp,MA,Yes,ARC,41.728,-70.233,Chase Garden Creek,Sesuit Harbor,-9999,High,2,-9999,27.3,5,-9999,med. Current,0.15,16:15:00,23.2,1,33,1,-9999,-9999,7.8,-9999,-9999,-9999,-9999,-9999,-9999,2084.3585714286,1,-9999,-9999,-9999,-9999,WHOI,-9999,"Rocky, Silty, Sandy",-9999,Thermometer,-9999,-9999
65,WHOI,Aquacultural Research Corp,MA,Yes,ARC,41.728,-70.233,Chase Garden Creek,Sesuit Harbor,-9999,High,2,-9999,27.3,5,Mostly Sunny,med. current,0.15,16:52:00,23.2,1,33,1,-9999,-9999,7.8,-9999,-9999,-9999,-9999,-9999,-9999,2088.285,1,-9999,-9999,-9999,-9999,WHOI,-9999,"Rocky, Silty, Sandy",-9999,Thermometer,-9999,-9999
66,WHOI,Nantucket Land Bank,MA,No,22 Tennessee Street,41.2761097,-70.1954005,Hither Creek,ECI Point,-9999,High,-9999,-9999,26.11,25,-9999,Calm,-9999,10:38:00,28.33,1,20,1,-9999,-9999,-9999,-9999,-9999,-9999,-9999,-9999,-9999,1810.63,1,1807.96,1,-9999,-9999,MIT,-9999,"Sandy, Silty",Refractometer,Thermometer,-9999,-9999
67,WHOI,Nantucket Natural Resources Dept.,MA,Yes,Head of Harbor,41.334722,-70.0175,Nantucket Harbor,Nantucket Harbor,0.5,High,5.5,6,26,50,sunny,Calm,-9999,11:00:00,19,1,38.3,3,-9999,8.03,7.77,-9999,-9999,50.88,-9999,110.1,-9999,1906.715,1,1904.34,1,-9999,-9999,WHOI,Upper Estuary,"Silt, Clay",Multi Parameter Sonde,Multi Parameter Sonde,Pro D55?,8/15/19
68,WHOI,Nantucket Land Council,MA,Yes,Station #3,41.2871,-70.1967,Madaket Harbor,Eel Point,0.5,High,2.6,1.5,21.66,10,fog,0,0.15,5:00:00,23.9,1,34,1,-9999,8.29,6.71,-9999,-9999,-9999,-9999,-9999,-9999,2055.045,1,2057.355,1,-9999,-9999,WHOI,Lower Estuary,Sand,Refractometer,Multi Parameter Sonde,YSI ODO / Myron L,8/19/19
69,WHOI,Pond Watch,MA,Unknown,Childs R. Estuary,41.5806,-70.613833,Falmouth Estuaries,Falmouth Heights,0,High,1.6256,-9999,29.44,10,sunny,calm,0.58,16:15:00,28.5,1,12.3,1,-9999,15.41,-9999,-9999,-9999,-9999,-9999,-9999,-9999,1082.26,1,1083.615,1,-9999,-9999,WHOI,-9999,-9999,Multi Parameter Sonde,Multi Parameter Sonde,-9999,-9999
70,WHOI,Pond Watch,MA,Unknown,Green Pond,41.5622,-70.5684,Falmouth Estuaries,Falmouth Heights,0,High,1.4224,-9999,29.4444,10,windy,ok,0.5,16:00:00,28.9,1,27.1,1,-9999,10.44,-9999,-9999,-9999,-9999,-9999,-9999,-9999,1783.02,1,1799.1,1,-9999,-9999,WHOI,Upper Estuary,-9999,Multi Parameter Sonde,Multi Parameter Sonde,-9999,-9999
71,WHOI,Woods Hole Sea Grant,MA,Yes,Mayo Beach,41.930278,-70.032778,Well Fleet Harbor,Boston,0,High,0.9,-9999,31,30,sunny,3,-9999,16:58:00,28.3,1,30.6,1,-9999,-9999,-9999,-9999,-9999,47.2,-9999,-9999,-9999,1966.972,1,1968.0666666667,1,-9999,-9999,WHOI,Coastal Ocean,Sand,Multi Parameter Sonde,Multi Parameter Sonde,Eco Sense EC300A,8/21/19
72,WHOI,Center for Coastal Studies,MA,-9999,-9999,41.993673,-70.050278,Pamet River,-9999,Very Light Rain,High,-9999,-9999,-9999,-9999,light rain,-9999,0.15,4:35:00,20.9,1,11.34,1,-9999,4.87,7.15,-9999,-9999,-9999,-9999,-9999,-9999,1226.38,1,1217.005,1,-9999,-9999,WHOI,-9999,-9999,Multi Parameter Sonde,Multi Parameter Sonde,YSI Professional Plus,-9999
73,WHOI,Marine Biological Lab,MA,Yes,Rowley Field House,42.725174,-70.854903,Rowley River,NOAA 8441241,-9999,High,3.1,-9999,32,10,-9999,1,0.2,16:58:00,25.63,1,29.08,1,-9999,7.63,7.77,-9999,-9999,-9999,-9999,-9999,-9999,2022.2075,1,2027.2,1,-9999,-9999,WHOI,Mid Estuary,Mixed Mud / Rock,Multi Parameter Sonde,Multi Parameter Sonde,YSI 6600 Sonde,8/21/19
74,WHOI,Town of Mashpee DNR,MA,Yes,Mashpee Neck Landing,41.6,-70.46,Popponsett Bay,USGS 413601070275800,0,High,1.4,0.6,26.19,0,clear,calm,0.2,18:00:00,28.12,1,29.23,1,-9999,8.78,-9999,-9999,-9999,-9999,-9999,-9999,-9999,1822.21,1,-9999,-9999,-9999,-9999,MIT,-9999,-9999,-9999,-9999,-9999,-9999
75,WHOI,Town of Mashpee DNR,MA,Yes,Little River Town Dock,41.565,-70.51,Waquoit Bay,USGS 413601070275800,0,High,1.9,0.8,25,0,sunny,Calm,0.15,17:30:00,27.89,1,29.76,1,-9999,8.55,-9999,-9999,-9999,-9999,-9999,-9999,-9999,1891.72,1,-9999,-9999,-9999,-9999,MIT,-9999,-9999,-9999,-9999,-9999,-9999
76,WHOI,Center for Coastal Studies,MA,No,Rock Harbor Culvert,41.797,-69.992,Rock Harbor,Sesuit,None,High,0.2,bottom,27.7,0,sunny,0,0.1,17:30:00,28.4,1,12.68,1,-9999,6.75,8.47,-9999,-9999,-9999,-9999,-9999,-9999,1202.6,3,1182.015,3,-9999,-9999,WHOI,Upper Estuary,Rocky / Sandy,Multi Parameter Sonde,Multi Parameter Sonde,YSI Pro Plus / Pro DSS,Spring 2019
77,WHOI,Center for Coastal Studies,MA,No,Sesuit Creek,41.7451,-70.1625,Sesuit Creek,Sesuit Harbor East Dennis Cape Cod Bay,None,High,3,-9999,28.9,5,sunny,0,0.15,16:40:00,21.4,1,30.58,1,-9999,8.09,8.11,-9999,-9999,-9999,-9999,-9999,-9999,2084.5625,1,2090.005,1,-9999,-9999,WHOI,Mid Estuary,Rock / Shell,Multi Parameter Sonde,Multi Parameter Sonde,YSI Pro Plus Model Pro10102030,Spring 2019
78,WHOI,Massachusetts Maritime Academy,MA,Yes,Taylor Point,41.741083,-70.625639,Buzzards Bay,"Cape Cod Canal, RR Bridge",0.25,High,7.5,2.3,24.7,90,Cloudy,2,0.15,14:29:00,23.8,1,30.76,1,-9999,7.62,8.36,-9999,-9999,-9999,-9999,-9999,-9999,2026.015,1,2030.2733333333,1,-9999,-9999,WHOI,Coastal Ocean,Rock / Mud,Multi Parameter Sonde,Multi Parameter Sonde,YSI Pro DSS,2/9/19
79,WHOI,BCWC,MA,Yes,South Cotuit Bay,41.615428,-70.428778,Cotuit Bay,-9999,None,High,3.8,1.5,25.5,30,Partly Sunny,2,0.16,17:55:00,27.6,1,28,1,-9999,8.59,-9999,-9999,-9999,-9999,-9999,-9999,-9999,1821.37,1,1820.02,1,-9999,-9999,WHOI,Lower Estuary,Mud,Refractometer,Thermometer,-9999,-9999
80,WHOI,Island Creek Oysters,MA,Yes,Island Creek Oysters Dock,42.036732,-70.669609,Duxbury Bay,Duxbury Harbor #8446166,0.09,High,3,-9999,28.9,10,sunny,2,0.15,17:02:00,23.67,1,27,1,-9999,-9999,7.75,-9999,-9999,-9999,-9999,-9999,-9999,2081.945,1,2091.875,1,-9999,-9999,WHOI,-9999,Mud,Refractometer,Thermometer,N/A,N/A
81,WHOI,Martha's Vineyard Commission,MA,No,SKT 9,41.406382,-70.535341,Sengekontacket,OB Harbor,0,High,0.2,0.5,-9999,20,clear,3 or 4,0.2,-9999,28.2,1,30.58,1,-9999,8.39,8.33,-9999,-9999,-9999,-9999,128.7,-9999,1978.1175,1,1978.195,1,-9999,-9999,WHOI,-9999,-9999,-9999,-9999,-9999,-9999
82,WHOI,Martha's Vineyard Commission,MA,No,MV 14,41.45719,-70.56195,Oak Bluffs Harbor,OB Harbor,0,High,1.2,1.2,-9999,2,Clear,3,0.5,16:45:00,28.5,1,29.67,1,-9999,11.21,8.42,-9999,-9999,-9999,-9999,168.7,-9999,1952.165,1,1948.985,1,-9999,-9999,WHOI,-9999,-9999,-9999,-9999,-9999,-9999
83,WHOI,Martha's Vineyard Shellfish Group,MA,Yes,Weaver Lane Dock,41.440556,-70.61,Lagoon Pond,Vineyard Haven,-9999,High,2.9,-9999,-9999,10,Clear,Calm,0.2,17:50:00,25,1,30,1,-9999,-9999,-9999,-9999,-9999,-9999,-9999,-9999,-9999,1965.0166666667,1,1950.27,1,-9999,-9999,WHOI,Mid Estuary,"Sand, Cobble, Macro Algae",Refractometer,Thermometer,-9999,-9999
84,WHOI,Wampanoag Tribe of Gay Head (Aquinnah),MA,Yes,M44,41.332708,-70.766419,Meneshma Pond,Meneshma Harbor,0.1,High,4.8,3,25,10,sunny,1,0.3,13:53:00,22.78,1,33.59,1,-9999,11.78,7.93,-9999,-9999,-9999,-9999,-9999,-9999,2090.62,1,2091.79,1,-9999,-9999,MIT,Lower Estuary,Sand,Multi Parameter Sonde,Multi Parameter Sonde,YSI EXO2,DO cal on 8/22/2019 othters cal on 8/21/2019
85,WHOI,Buzzards Bay Coalition,MA,Unknown,NB2,41.639146,-70.911349,Inner New Bedford Harbor,New Bedford,0,High,3.5,1.7,24.6,20,Mostly Sunny,2,0.15,13:20:00,26.2,1,30.98,1,-9999,5.11,7.98,-9999,-9999,-9999,-9999,-9999,-9999,2007.58,1,2007.145,1,-9999,-9999,WHOI,Mid Estuary,Unknown,Multi Parameter Sonde,Multi Parameter Sonde,"YSI 6600, Prod DSS YSI",-9999
86,WHOI,Buzzards Bay Coalition,MA,Yes,WR2X,41.75299,-70.708553,Wareham River,Onset Beach,-9999,High,3.2,1.3,26.2,40,Partly Sunny,1,0.15,14:00:00,27.8,1,22.93,1,-9999,8.2,8.27,-9999,-9999,-9999,-9999,-9999,-9999,1579.61,1,1580.065,1,-9999,-9999,WHOI,Upper Estuary,Eelgrass,Multi Parameter Sonde,Multi Parameter Sonde,YSI Pro DSS,-9999
87,WHOI,Buzzards Bay Coalition,MA,Yes,WF2,41.608661,-70.63719,West Falmouth Harbor,"W. Falmouth Harbor, #8447685",0.05,High,1.53,-9999,-9999,50,sunny,1,0.4,13:23:00,26.05,1,23.61,1,-9999,9.15,7.35,2.81,-9999,-9999,-9999,129.1,-9999,1832.255,1,1839.69,1,-9999,-9999,WHOI,Upper Estuary,Mud / Algae,Multi Parameter Sonde,Multi Parameter Sonde,In Situ Aqua TROLL 500,8/21/19
88,UNH,Hurricane Island Center for Science and Leadership,ME,-9999,-9999,44.034391,-68.886202,-9999,-9999,-9999,-9999,-9999,-9999,-9999,-9999,-9999,-9999,-9999,-9999,-9999,-9999,30.86,1,-9999,-9999,-9999,-9999,-9999,-9999,-9999,-9999,-9999,2121.7800879834,1,2115.6783030959,1,-9999,-9999,UNH,-9999,-9999,-9999,-9999,-9999,-9999
88,UNH,Hurricane Island Center for Science and Leadership,ME,-9999,-9999,44.034391,-68.886202,-9999,-9999,-9999,-9999,-9999,-9999,-9999,-9999,-9999,-9999,-9999,-9999,-9999,-9999,30.96,1,-9999,-9999,-9999,-9999,-9999,-9999,-9999,-9999,-9999,2130.1431687768,1,-9999,-9999,-9999,-9999,UNH,-9999,-9999,-9999,-9999,-9999,-9999
88,UNH,Hurricane Island Center for Science and Leadership,ME,-9999,-9999,44.034391,-68.886202,-9999,-9999,-9999,-9999,-9999,-9999,-9999,-9999,-9999,-9999,-9999,-9999,-9999,-9999,31.07,1,-9999,-9999,-9999,-9999,-9999,-9999,-9999,-9999,-9999,2129.4302692179,1,2139.6114887957,1,-9999,-9999,UNH,-9999,-9999,-9999,-9999,-9999,-9999
